Tornado ID,Date/Time,Latitude,Longitude,Nearest town,State,Fujita scale,
1,1795-12-04 14:00:00,-33.8834,151.2167,METROPOLITAN AREA,NSW,0,
2,1802-10-07 06:00:00,-33.7500,150.6833,EMU PLAINS,NSW,0,
3,1802-11-05 03:00:00,-33.8167,150.0167,PARRAMATTA,NSW,0,
4,1826-10-20 05:30:00,-33.6167,150.8167,WINDSOR,NSW,0,
5,1839-11-14 04:30:00,-33.8167,151.0167,PARRAMATTA,NSW,0,
6,1840-02-01 07:00:00,-33.8167,151.0167,PARRAMATTA,NSW,0,
7,1840-12-26 14:00:00,-33.5333,150.9667,MAROOTA/CATTAI CREEK,NSW,0,
8,1841-11-26 06:15:00,-32.7667,151.7500,RAYMOND TERRACE 5 MILES EAST,NSW,0,
9,1841-12-20 08:00:00,-33.8167,151.0167,PARRAMATTA,NSW,0,
10,1841-12-29 14:00:00,-34.1667,150.0000,WOLLONDILLY (HIGH CNTRY NEAR),NSW,0,
11,1842-02-17 14:00:00,-33.8834,151.2167,PARRAMATTA/SYDNEY,NSW,0,
12,1845-11-20 07:00:00,-33.8167,151.0167,SEVEN HILLS/B H/PARRAMATTA,NSW,0,
13,1861-06-30 14:00:00,-30.2333,150.6167,PIEDMONT,NSW,0,
14,1881-01-23 14:00:00,-34.2833,148.2667,BURRANGONG,NSW,0,
15,1888-09-20 14:00:00,-31.0500,142.3333,GNALTA (100 MILES NW WCA),NSW,0,
16,1888-09-21 06:30:00,-33.8834,151.2167,SYDNEY,NSW,0,
17,1888-09-29 14:00:00,-33.6000,150.7500,RICHMOND,NSW,0,
18,1888-12-10 14:00:00,-32.4500,151.7167,DUNGOG  (6 MILES FROM),NSW,0,
19,1889-01-02 14:00:00,-30.0833,146.5000,CARRINGTON PARK,NSW,0,
20,1889-01-06 14:00:00,-31.2500,147.2500,COLANE,NSW,0,
21,1889-01-27 05:50:00,-33.8834,151.2167,SYDNEY,NSW,0,
22,1889-03-07 14:00:00,-29.7333,149.8000,GURLEY,NSW,0,
23,1889-03-13 01:00:00,-33.8667,151.0000,HERCYNIA,NSW,0,
24,1889-11-23 09:15:00,-31.3000,146.8333,GIRILAMBONE/SUSSEX,NSW,0,
25,1889-12-06 14:00:00,-31.1667,145.9834,CORONGA DOWNS,NSW,0,
26,1890-12-28 06:00:00,-35.5333,144.9500,DENILIQUIN,NSW,0,
27,1891-02-23 06:00:00,-28.9000,150.7667,YETMAN/COOLATAI/COBBADAH,NSW,0,
28,1891-03-19 14:00:00,-33.8834,151.2167,COOGEE,NSW,0,
29,1892-01-10 14:00:00,-30.7333,152.2667,LOWER CREEK,NSW,0,
30,1892-10-13 08:15:00,-30.3333,149.7833,NARRABRI,NSW,0,
31,1892-11-13 08:00:00,-30.3333,149.7833,NARRABRI,NSW,0,
32,1892-12-26 14:00:00,-29.7667,151.1167,INVERELL,NSW,0,
33,1893-03-08 04:00:00,-29.4667,153.2000,MACLEAN,NSW,0,
34,1893-05-28 14:00:00,-33.9334,147.2500,WYALONG,NSW,0,
35,1893-12-12 14:00:00,-33.6000,148.4000,GOOLAGONG,NSW,0,
36,1894-09-08 14:00:00,-33.8834,151.2167,CENTENNIAL PARK,NSW,0,
37,1894-11-28 12:00:00,-33.3500,144.9500,MOOLBONG,NSW,0,
38,1894-12-30 14:00:00,-31.3500,152.6167,BELLANGRY,NSW,0,
39,1894-12-30 12:00:00,-29.0667,153.3167,SWAN BAY,NSW,0,
40,1895-12-02 14:00:00,-29.6000,145.3833,PIRRILLIE,NSW,0,
41,1896-01-12 14:00:00,-31.5000,145.5000,COBAR,NSW,0,
42,1896-01-12 14:00:00,-28.6333,152.3000,RIVERTREE,NSW,0,
43,1896-09-13 14:00:00,-30.3500,146.9000,GONGOLGON,NSW,0,
44,1896-12-14 14:00:00,-30.3500,146.9000,GONGOLGON,NSW,0,
45,1896-12-14 14:00:00,-32.6000,149.5833,MUDGEE,NSW,0,
46,1896-12-28 06:30:00,-32.1333,148.1167,MUNGERIBAR/NEVERTIRE,NSW,0,
47,1897-01-04 06:00:00,-33.1500,148.0000,NELUNGALOO,NSW,0,
48,1897-06-01 00:00:00,-33.8834,151.2167,CHATSWOOD,NSW,0,
49,1897-12-31 08:00:00,-31.3333,148.7833,PINE GROVE,NSW,0,
50,1898-10-26 14:00:00,-33.8334,148.6833,COWRA,NSW,0,
51,1899-01-10 04:30:00,-33.8500,150.6500,MULGOA,NSW,0,
52,1899-01-14 01:00:00,-33.8500,150.6500,MULGOA,NSW,0,
53,1899-01-17 14:00:00,-29.9334,146.2333,WARRAWEENA,NSW,0,
54,1899-11-06 14:00:00,-32.9334,151.7667,NEWCASTLE,NSW,0,
55,1900-02-22 14:00:00,-30.8167,152.5167,BELLBROOK,NSW,0,
56,1900-12-03 08:30:00,-29.8000,149.7833,KILGOWLA AND NARRABRI,NSW,0,
57,1900-12-04 04:10:00,-35.0000,148.1167,WOODBURN(3)/COOTAMUNDRA,NSW,0,
58,1901-01-01 07:00:00,-29.8667,150.5667,BINGARA,NSW,0,
59,1901-11-20 07:00:00,-33.8667,144.8834,THE CUBAS (W OF BOOLIGAL),NSW,0,
60,1901-12-31 14:00:00,-30.4000,145.5000,GUNDABOOKA,NSW,0,
61,1902-01-14 14:00:00,-30.3333,149.7833,NARRABRI,NSW,0,
62,1902-09-14 14:00:00,-33.6000,148.4000,GOOLAGONG,NSW,0,
63,1902-09-26 14:00:00,-35.0000,146.1000,BROWLEY/WOODLAND PARK,NSW,0,
64,1902-10-14 14:00:00,-33.6000,148.4000,GOOLAGONG,NSW,0,
65,1902-11-08 04:00:00,-33.5000,148.5000,GOOLAGONG/CANOWINDRA,NSW,0,
66,1902-11-22 14:00:00,-32.8500,145.8834,MOUNT HOPE,NSW,0,
67,1902-12-14 14:00:00,-33.6000,148.4000,GOOLAGONG,NSW,0,
68,1903-01-14 05:00:00,-34.0167,150.6833,COBBITTY,NSW,0,
69,1903-01-22 09:00:00,-29.5833,152.7333,RAMORNIE,NSW,0,
70,1903-04-14 14:00:00,-34.6333,148.0333,COOTAMUNDRA,NSW,0,
71,1903-10-11 06:00:00,-33.1333,148.1833,PARKES,NSW,0,
72,1903-12-20 14:00:00,-31.3667,150.1500,COOLANBILLA (COOLUMBILLA ?),NSW,0,
73,1904-10-19 05:00:00,-30.3167,145.5000,CLOVER CREEK,NSW,0,
74,1904-12-18 14:00:00,-28.3167,153.4333,CONDONG,NSW,0,
75,1904-12-23 14:00:00,-29.8667,152.4500,DALMORTON,NSW,0,
76,1905-01-20 14:00:00,-29.8667,150.5667,BINGARA,NSW,0,
77,1906-01-05 14:00:00,-30.3167,151.5333,BOOROLONG,NSW,0,
78,1906-01-24 14:00:00,-29.2333,146.9167,WEILMORINGLE,NSW,0,
79,1906-03-27 01:50:00,-33.8834,151.2167,NORTH SYDNEY,NSW,0,
80,1906-09-10 14:00:00,-30.0833,145.9334,BOURKE,NSW,0,
81,1906-11-27 14:00:00,-31.1667,146.1333,KERGUNYAH,NSW,0,
82,1907-12-15 03:45:00,-32.9334,151.7667,MAYFIELD,NSW,0,
83,1908-01-15 14:00:00,-33.8167,149.6000,MOUNT DAVID,NSW,0,
84,1908-02-29 14:00:00,-33.6000,150.7500,RICHMOND,NSW,0,
85,1908-09-19 09:15:00,-36.0833,146.9334,ALBURY,NSW,0,
86,1909-01-02 14:00:00,-33.1000,146.6500,BROTHERONY STN (CONDOBOLIN),NSW,0,
87,1910-01-19 14:00:00,-29.5500,148.5833,COLLARENEBRI,NSW,0,
88,1910-01-21 00:00:00,-29.8167,149.5667,MILLIE/GORAH/GLENROY,NSW,0,
89,1910-01-27 14:00:00,-29.9667,146.8667,BREWARRINA,NSW,0,
90,1910-11-04 14:00:00,-30.9167,142.9334,GEMVILLE (WHITE CLIFFS),NSW,0,
91,1910-12-14 14:00:00,-34.4667,149.4833,KIALLA (CROOKWELL),NSW,0,
92,1911-09-29 00:20:00,-33.2833,148.7333,CUDAL,NSW,0,
93,1911-12-29 14:00:00,-32.9167,147.7000,TRUNDLE,NSW,0,
94,1912-08-26 07:45:00,-33.9000,148.1667,GRENFELL,NSW,0,
95,1912-11-21 01:00:00,-28.9167,153.5000,PIMLICO,NSW,0,
96,1913-01-11 14:00:00,-31.5667,143.3667,WILCANNIA,NSW,0,
97,1913-01-27 14:00:00,-33.6000,148.4000,GOOLAGONG,NSW,0,
98,1913-01-28 14:00:00,-33.0833,147.1500,CONDOBOLIN,NSW,0,
99,1913-11-11 14:00:00,-33.7167,149.2167,BLAYNEY (OCCURRED AT NEVILLE),NSW,0,
100,1913-11-11 14:00:00,-33.8167,151.0167,PARRAMATTA,NSW,0,
101,1913-11-11 14:00:00,-31.5000,150.6833,QUIRINDI,NSW,0,
102,1913-11-12 08:00:00,-31.5667,143.3667,MURPA (WILCANNIA),NSW,0,
103,1913-11-14 14:00:00,-33.6000,148.4000,GOOLAGONG,NSW,0,
104,1913-12-24 14:00:00,-29.5500,148.5833,COLLARENEBRI,NSW,0,
105,1914-03-27 14:00:00,-33.8167,151.0167,PARRAMATTA,NSW,0,
106,1914-04-02 14:00:00,-33.7667,150.9167,WENTWORTHVILLE,NSW,0,
107,1914-06-17 14:00:00,-29.4667,153.2000,MACLEAN,NSW,0,
108,1914-12-31 00:30:00,-30.1000,148.9667,BURREN JUNCTION,NSW,0,
109,1916-01-08 14:00:00,-32.5667,151.1667,SINGLETON,NSW,0,
110,1916-03-06 05:00:00,-28.9000,150.7667,YETMAN,NSW,0,
111,1918-02-20 03:45:00,-31.9000,152.4833,TAREE,NSW,0,
112,1918-10-29 14:00:00,-33.1000,148.8667,MOLONG,NSW,0,
113,1919-11-30 14:00:00,-35.6500,146.3000,DAYSDALE,NSW,0,
114,1921-12-02 09:30:00,-30.7000,150.0500,BOGGABRI,NSW,0,
115,1923-08-30 08:00:00,-33.8834,151.2167,CONCORD,NSW,0,
116,1923-12-21 14:00:00,-32.5667,151.1667,SINGLETON,NSW,0,
117,1924-02-05 14:00:00,-31.8667,152.3667,WINGHAM,NSW,0,
118,1925-01-11 14:00:00,-34.6333,143.5667,BALRANALD,NSW,0,
119,1926-05-24 14:00:00,-34.4667,148.2833,REDBRIDGE,NSW,0,
120,1928-01-23 14:00:00,-32.9334,151.7667,NEWCASTLE,NSW,0,
121,1929-03-17 14:00:00,-28.8333,153.4333,ALSTONVILLE,NSW,0,
122,1929-12-09 14:00:00,-30.1000,148.9667,BURREN JUNCTION,NSW,0,
123,1930-03-17 14:00:00,-30.5167,141.8000,WYNDONGA,NSW,0,
124,1930-07-10 14:00:00,-33.8834,151.2167,BANKSTOWN,NSW,0,
125,1930-12-16 14:00:00,-31.0833,150.9334,TAMWORTH,NSW,0,
126,1931-01-20 14:00:00,-30.5167,151.6667,ARMIDALE SOUTH,NSW,0,
127,1931-10-06 14:00:00,-33.0000,149.5667,SALLY'S FLAT,NSW,0,
128,1931-11-07 14:00:00,-34.5333,149.4000,GRABBEN GULLEN,NSW,0,
129,1932-01-31 14:00:00,-32.2333,148.2500,NARROMINE,NSW,0,
130,1932-02-10 14:00:00,-31.7667,150.8167,MURRURUNDI,NSW,0,
131,1932-02-15 14:00:00,-34.0500,151.1500,CRONULLA,NSW,0,
132,1932-10-07 14:00:00,-30.7500,150.7167,MANILLA,NSW,0,
133,1933-01-09 14:00:00,-34.3167,148.3000,YOUNG,NSW,0,
134,1933-03-12 14:00:00,-29.1500,145.8000,BELALIE,NSW,0,
135,1934-11-13 14:00:00,-33.6667,147.8167,WIRRINYA,NSW,0,
136,1934-12-26 20:00:00,-28.9834,149.0000,MUNGINDI,NSW,0,
137,1934-12-29 14:00:00,-29.7667,151.1167,INVERELL,NSW,0,
138,1935-02-04 14:00:00,-32.8334,151.3500,CESSNOCK,NSW,0,
139,1937-01-25 06:00:00,-33.8834,151.2167,CASTLE HILL,NSW,0,
140,1937-12-07 14:00:00,-33.8834,151.2167,MANLY,NSW,0,
141,1938-04-16 14:00:00,-34.8667,147.5833,JUNEE,NSW,0,
142,1938-10-25 14:00:00,-30.3000,153.1333,COFFS HARBOUR,NSW,0,
143,1938-11-22 14:00:00,-35.1167,147.3667,WAGGA WAGGA,NSW,0,
144,1939-01-26 14:00:00,-34.8667,147.5833,JUNEE,NSW,0,
145,1939-03-19 14:00:00,-30.6667,146.4000,BYROCK,NSW,0,
146,1940-01-18 14:00:00,-28.6833,153.5167,BANGALOW/NEWRYBAR,NSW,0,
147,1940-10-31 05:00:00,-33.8834,151.2167,SYDNEY METRO,NSW,0,
148,1940-11-13 14:00:00,-28.8667,153.5667,BALLINA,NSW,0,
149,1940-12-06 14:00:00,-34.7500,146.5500,NARRANDERA,NSW,0,
150,1941-05-23 14:00:00,-33.8834,151.2167,ARNCLIFFE,NSW,0,
151,1941-06-07 14:00:00,-33.2500,148.9834,BORENORE (NEAR ORANGE),NSW,0,
152,1941-08-18 09:00:00,-33.8834,151.2167,FIVE DOCK,NSW,0,
153,1942-10-05 14:00:00,-33.0833,151.5000,DORA CREEK,NSW,0,
154,1942-11-26 00:30:00,-36.9167,149.2500,BOMBALA,NSW,0,
155,1943-12-25 14:00:00,-32.8500,151.2833,MT VIEW,NSW,0,
156,1943-12-27 14:00:00,-32.8834,151.2500,MILLFIELD,NSW,0,
157,1944-01-15 14:00:00,-34.0667,150.8167,CAMPBELLTOWN,NSW,0,
158,1944-07-03 14:00:00,-33.2833,149.1000,ORANGE,NSW,0,
159,1944-10-14 14:00:00,-31.5000,145.5000,COBAR,NSW,0,
160,1944-11-12 14:00:00,-32.8334,151.3500,CESSNOCK,NSW,0,
161,1944-11-29 07:00:00,-33.8834,151.2167,NAREMBURN,NSW,0,
162,1944-12-05 14:00:00,-33.8834,151.2167,ASHFIELD,NSW,0,
163,1944-12-20 14:00:00,-33.8834,151.2167,WAVERLY,NSW,0,
164,1945-02-20 14:00:00,-33.2833,151.4333,WYONG,NSW,0,
165,1945-02-26 14:00:00,-31.5000,145.5000,COBAR,NSW,0,
166,1945-03-06 14:00:00,-29.6833,152.9334,GRAFTON,NSW,0,
167,1945-04-07 14:00:00,-29.0667,153.3500,WOODBURN,NSW,0,
168,1945-11-17 14:00:00,-33.9334,150.9334,LIVERPOOL,NSW,0,
169,1946-12-06 04:40:00,-33.8834,151.2167,DEE WHY,NSW,0,
170,1947-01-13 14:00:00,-29.7667,151.1167,INVERELL,NSW,0,
171,1948-08-19 14:00:00,-30.4500,152.9000,BELLIGEN,NSW,0,
172,1948-08-25 14:00:00,-33.8834,151.2167,CROYDON,NSW,0,
173,1949-01-10 06:00:00,-31.0833,150.9334,TAMWORTH,NSW,0,
174,1949-09-29 14:00:00,-32.9334,151.7667,NEWCASTLE,NSW,0,
175,1949-11-26 14:00:00,-33.8834,151.2167,ABBOTSFORD,NSW,0,
176,1950-01-08 05:40:00,-31.0833,150.9334,TAMWORTH,NSW,0,
177,1950-05-26 10:00:00,-34.1333,148.0833,THUDDUNGRA,NSW,0,
178,1950-06-14 14:00:00,-33.8834,151.2167,SANS SOUCI,NSW,0,
179,1951-07-18 14:00:00,-33.6000,150.7500,LA PEROUSE,NSW,0,
180,1951-11-13 14:00:00,-32.9334,151.7667,NEWCASTLE,NSW,0,
181,1951-12-06 14:00:00,-33.6167,150.7833,HAWKESBURY  (CLARENDON),NSW,0,
182,1951-12-09 14:00:00,-33.8834,151.2167,WAVERLY,NSW,0,
183,1951-12-16 01:30:00,-33.8834,151.2167,ASHBURY/LILYFIELD,NSW,0,
184,1952-01-23 03:30:00,-34.3167,145.4333,CARRATHOOL,NSW,0,
185,1952-01-30 14:00:00,-28.8667,153.0500,CASINO,NSW,0,
186,1952-02-09 14:00:00,-33.8834,151.2167,HURSTVILLE,NSW,0,
187,1952-08-14 11:15:00,-33.8834,151.2167,BONDI JUNCTION,NSW,0,
188,1953-01-10 14:00:00,-33.3000,151.2000,MANGROVE MOUNTAIN,NSW,0,
189,1953-11-04 14:00:00,-34.5333,150.3833,MOSS VALE,NSW,0,
190,1953-11-05 05:00:00,-33.8334,148.6833,COWRA,NSW,0,
191,1953-11-09 14:00:00,-32.9334,151.7667,NEWCASTLE,NSW,0,
192,1954-02-27 14:00:00,-30.5167,151.6667,ARMIDALE,NSW,0,
193,1954-10-18 04:30:00,-33.8834,151.2167,ROSE BAY/BELMORE (1415),NSW,0,
194,1954-11-13 14:00:00,-32.2500,148.6167,DUBBO,NSW,0,
195,1954-11-19 14:00:00,-34.0333,151.1000,MIRANDA,NSW,0,
196,1955-02-01 03:30:00,-30.9834,151.5833,WALCHA AREA,NSW,0,
197,1955-11-22 14:00:00,-33.8167,151.0167,PARRAMATTA,NSW,0,
198,1955-12-06 08:50:00,-32.9334,151.7667,NEWCASTLE,NSW,0,
199,1956-02-20 00:30:00,-33.6000,150.7500,RICHMOND,NSW,0,
200,1956-10-30 14:00:00,-33.8834,151.2167,LEICHARDT,NSW,0,
201,1956-12-12 14:00:00,-35.6000,146.2000,OAKLANDS,NSW,0,
202,1956-12-25 14:00:00,-33.8834,151.2167,PADSTOW,NSW,0,
203,1957-01-08 14:00:00,-30.4000,152.9500,VALERY,NSW,0,
204,1957-01-09 14:00:00,-33.6000,150.7500,GUILDFORD,NSW,0,
205,1957-01-10 03:30:00,-33.7500,150.7000,PENRITH,NSW,0,
206,1957-02-08 08:00:00,-33.8834,151.2167,EASTWOOD,NSW,0,
207,1957-03-13 07:00:00,-35.0500,144.1333,MOULAMEIN,NSW,0,
208,1957-07-08 23:30:00,-33.8834,151.2167,WARRIEWOOD,NSW,0,
209,1957-10-06 14:00:00,-33.8834,151.2167,SYDNEY,NSW,0,
210,1957-10-27 14:00:00,-28.1667,153.5500,TWEED RIVER,NSW,0,
211,1957-11-08 03:00:00,-34.0500,151.1500,CRONULLA,NSW,0,
212,1957-11-19 14:00:00,-34.0500,150.7000,CAMDEN,NSW,0,
213,1957-12-01 14:00:00,-33.4833,151.3333,WOY WOY,NSW,0,
214,1957-12-26 14:00:00,-33.8834,151.2167,CAMPSIE,NSW,0,
215,1958-01-12 14:00:00,-28.8667,153.0500,CASINO,NSW,0,
216,1958-01-19 06:20:00,-33.8834,151.2167,SYDNEY,NSW,0,
217,1958-03-04 14:00:00,-33.8834,151.2167,SYDNEY,NSW,0,
218,1959-03-17 04:30:00,-31.9000,152.4167,KOLODONG (TAREE),NSW,0,
219,1959-06-03 14:00:00,-34.3500,150.9000,BELLAMBI,NSW,0,
220,1959-07-20 14:00:00,-34.9000,150.7667,CROOKHAVEN,NSW,0,
221,1959-09-19 05:30:00,-33.3167,151.4167,TUGGERAH LAKES,NSW,3,
222,1959-10-24 02:30:00,-33.8834,151.2167,BONDI BEACH,NSW,0,
223,1959-10-30 02:50:00,-33.8500,150.9334,SMITHFIELD,NSW,0,
224,1959-11-04 03:30:00,-33.8834,151.2167,EASTWOOD/DURAL,NSW,0,
225,1959-11-29 14:00:00,-33.6833,151.0500,DURAL,NSW,0,
226,1959-12-18 05:30:00,-33.8834,151.2167,SYDNEY,NSW,0,
227,1959-12-25 14:00:00,-34.2667,150.6833,MT KEMBLA/CORDEAUX RIVER,NSW,0,
228,1960-09-23 14:00:00,-34.3167,148.3000,YOUNG,NSW,0,
229,1960-12-02 14:00:00,-33.4000,151.7500,DUNGOG,NSW,0,
230,1961-02-19 02:00:00,-33.8834,151.2167,AUBURN,NSW,0,
231,1961-06-11 14:00:00,-33.8834,151.2167,BALGOWLAH,NSW,0,
232,1961-11-30 08:30:00,-33.8834,151.2167,MASCOT,NSW,0,
233,1962-02-04 14:00:00,-33.6000,150.7500,RICHMOND,NSW,0,
234,1962-05-11 14:00:00,-32.9334,151.7667,NEWCASTLE,NSW,0,
235,1962-07-09 02:55:00,-31.4500,152.9167,PORT MACQUARIE,NSW,0,
236,1962-11-07 14:00:00,-28.8167,153.1667,LISMORE,NSW,0,
237,1962-11-11 14:00:00,-28.8667,153.0500,WOODVIEW/CASINO,NSW,0,
238,1963-01-03 14:00:00,-28.8167,153.1667,NEWINGBAR (NEAR LISMORE),NSW,0,
239,1963-01-04 02:00:00,-30.6667,151.0000,BRACKEN HILLS,NSW,0,
240,1963-08-22 07:30:00,-35.3333,148.1833,GILMORE,NSW,0,
241,1963-08-28 14:00:00,-33.8334,150.9834,MERRYLANDS,NSW,0,
242,1963-11-16 05:00:00,-33.8834,151.2167,NARRABEEN,NSW,0,
243,1964-01-25 14:00:00,-31.0333,152.8667,FREDERICKTON,NSW,0,
244,1964-04-22 07:00:00,-33.6000,150.7500,RICHMOND,NSW,0,
245,1964-06-09 08:35:00,-33.8834,151.2167,CARLINGFORD,NSW,0,
246,1964-06-21 08:00:00,-34.8167,147.2000,COOLAMON,NSW,0,
247,1964-06-30 14:00:00,-34.6333,148.0333,COOTAMUNDRA,NSW,0,
248,1964-07-15 14:00:00,-33.8834,151.2167,BEVERLY HILLS,NSW,0,
249,1964-08-23 14:00:00,-33.8834,151.2167,HOMEBUSH,NSW,0,
250,1964-08-23 15:30:00,-31.0167,152.9500,SMITHTOWN,NSW,0,
251,1965-01-01 14:00:00,-33.7000,150.8667,SCHOFIELDS,NSW,0,
252,1965-05-13 14:00:00,-32.9334,151.7667,NEWCASTLE,NSW,0,
253,1965-11-02 14:00:00,-33.3500,151.5000,THE ENTRANCE,NSW,0,
254,1966-04-27 05:00:00,-33.8834,151.2167,TAMARAMA/BRONTE,NSW,0,
255,1966-09-20 14:00:00,-35.5167,149.0667,THARWA/WILLIAMSDALE,NSW,0,
256,1966-09-23 03:30:00,-33.8834,151.2167,CANLEY VALE,NSW,0,
257,1966-11-26 14:00:00,-32.9334,151.7667,NEWCASTLE,NSW,0,
258,1966-11-27 06:00:00,-33.8834,151.2167,SYDNEY,NSW,0,
259,1966-12-05 05:00:00,-33.4333,151.4000,ERINA/TERRIGAL,NSW,0,
260,1966-12-31 02:00:00,-31.4500,152.9167,PORT MACQUARIE,NSW,0,
261,1967-01-28 08:00:00,-35.8167,145.5667,TOCUMWAL/FINLEY/COBRAM,NSW,0,
262,1967-12-14 08:15:00,-33.8834,151.2167,MASCOT/MOSMAN,NSW,0,
263,1968-02-07 05:15:00,-33.3000,151.2000,MANGROVE MOUNTAIN,NSW,0,
264,1968-11-21 14:00:00,-33.8834,151.2167,SYDNEY,NSW,0,
265,1969-04-15 10:00:00,-33.8834,151.2167,WAHROONGA,NSW,0,
266,1969-12-22 04:00:00,-33.6833,151.0500,DURAL,NSW,0,
267,1970-01-01 03:45:00,-32.4167,152.2000,BULADELAH,NSW,0,
268,1971-08-20 17:00:00,-33.8834,151.2167,PADDINGTON,NSW,0,
269,1971-12-25 06:00:00,-33.6000,150.7500,RICHMOND,NSW,0,
270,1972-02-15 14:00:00,-33.6167,145.5333,LANGTREE,NSW,0,
271,1972-02-16 05:45:00,-34.2167,146.0500,NERICON/GRIFFITH,NSW,0,
272,1972-02-17 06:00:00,-34.5667,150.8167,OAK FLATS,NSW,0,
273,1972-02-19 00:30:00,-33.4000,149.1000,SPRINGTERRACE,NSW,0,
274,1972-03-02 06:10:00,-35.5167,147.0333,HENTY,NSW,0,
275,1972-03-06 17:00:00,-33.8834,151.2167,KINGSFORD/ROCKDALE,NSW,0,
276,1972-11-06 01:15:00,-30.7500,151.4167,BTN URALLA/BENDEMEER (YALTA),NSW,0,
277,1973-01-13 14:00:00,-31.9667,141.4500,BROKEN HILL,NSW,0,
278,1973-04-17 05:30:00,-33.8834,151.2167,ELANORA HEIGHTS/NARRABEEN,NSW,0,
279,1973-05-01 07:00:00,-33.0833,151.6333,SWANSEA,NSW,0,
280,1973-06-27 14:00:00,-28.8667,153.5667,BALLINA,NSW,0,
281,1973-10-19 14:00:00,-35.2000,150.5667,CUDMIRRAH/SUSSEX INLET,NSW,0,
282,1973-10-29 09:30:00,-35.2000,150.5667,CUDMIRRAH,NSW,0,
283,1973-11-02 03:30:00,-33.8834,151.2167,RYDE,NSW,0,
284,1974-12-27 14:00:00,-33.2667,151.5167,GOROKAN (NEAR WYONG),NSW,0,
285,1975-03-01 23:30:00,-28.8000,153.6000,LENNOX HEAD,NSW,0,
286,1975-12-02 14:00:00,-35.6333,144.1333,BARHAM,NSW,0,
287,1978-01-04 21:45:00,-33.8834,151.2167,HURSTVILLE,NSW,0,
288,1978-02-11 04:30:00,-33.8834,151.2167,DRUMMOYNE/HUNTERS HILL,NSW,0,
289,1982-01-31 04:16:00,-32.1667,150.8834,ABERDEEN,NSW,0,
290,1983-03-15 14:00:00,-32.2500,148.6167,DUBBO,NSW,0,
291,1983-09-05 06:30:00,-30.7833,146.6000,GLENARIFF,NSW,0,
292,1983-09-07 14:00:00,-28.1667,153.5500,TWEED VALLEY/MCPHERSON RANGE,NSW,0,
293,1983-09-14 14:00:00,-33.7000,149.8500,OBERON,NSW,0,
294,1983-10-03 05:00:00,-33.9500,149.5333,BURRAGA,NSW,0,
295,1983-10-19 04:45:00,-34.0000,151.0000,"SW, S and FAR NW SUBURBS",NSW,0,
296,1984-02-07 07:00:00,-33.6833,150.8667,RIVERSTONE/SCHOFIELDS,NSW,0,
297,1984-11-07 03:45:00,-33.2833,151.5833,NORAH HEAD,NSW,0,
298,1984-11-07 19:00:00,-33.2333,151.5667,LAKE MUNMORAH,NSW,0,
299,1984-11-07 22:00:00,-33.8834,151.2167,MORTDALE,NSW,0,
300,1985-09-10 14:00:00,-31.4500,152.9167,PORT MACQUARIE,NSW,0,
301,1985-10-09 02:30:00,-31.8333,149.7167,COOLAH,NSW,0,
302,1985-10-16 14:00:00,-32.9334,151.7667,WALLSEND (NEWCASTLE),NSW,0,
303,1986-04-29 14:00:00,-31.3167,152.8000,TELEGRAPH POINT,NSW,0,
304,1986-08-05 06:30:00,-33.8000,150.9500,PENDLE HILL,NSW,0,
305,1986-11-16 14:00:00,-32.2500,148.6167,DUBBO,NSW,0,
306,1986-11-18 00:00:00,-34.8500,148.9167,BREADALBANE/YASS/GUNNING,NSW,0,
307,1987-11-20 03:30:00,-31.0000,150.9334,TAMWORTH/GUNNEDAH AREA,NSW,0,
308,1987-11-20 05:18:00,-29.8167,148.9000,ROWENA,NSW,0,
309,1987-12-01 08:00:00,-30.9834,150.2500,GUNNEDAH,NSW,0,
310,1987-12-30 14:00:00,-29.0500,151.1667,KOORANGA (WEST OF BONSHAW),NSW,0,
311,1988-03-11 05:15:00,-29.8167,148.9000,ROWENA,NSW,0,
312,1988-09-14 16:48:00,-33.2667,151.5333,TOUKLEY,NSW,0,
313,1988-10-23 14:00:00,-33.8834,150.6667,PENRITH,NSW,0,
314,1988-12-03 14:00:00,-35.5167,150.4000,BAWLEY POINT (SOUTH OF UDA),NSW,0,
315,1988-12-10 03:30:00,-34.8334,145.8333,COLEAMBALLY,NSW,0,
316,1989-11-06 06:45:00,-29.8000,151.2833,ELSMORE (SE OF INVERELL),NSW,3,
317,1989-11-06 07:30:00,-29.8000,151.2833,BEN LOMOND,NSW,2,
318,1989-12-04 16:00:00,-33.8834,151.2167,SYDNEY/GOSFORD/WOLLONGONG,NSW,0,
319,1989-12-07 05:30:00,-30.3833,150.6167,BARRABA,NSW,0,
320,1990-01-07 07:30:00,-33.7000,149.8500,OBERON,NSW,0,
321,1990-01-12 14:00:00,-30.9334,150.6500,SOMERTON (S OF TAMWORTH),NSW,0,
322,1990-01-13 03:45:00,-35.2833,149.1333,CHISHOLM (20 KM S OF CAN.CITY,NSW,0,
323,1990-02-06 20:00:00,-32.7667,152.0667,ANNA BAY (NELSON BAY),NSW,0,
324,1990-02-10 03:00:00,-31.5500,149.3833,BINNAWAY (20KM N OF CBB),NSW,0,
325,1991-12-21 02:00:00,-33.3833,148.0167,10KMS S OF FORBES,NSW,0,
326,1992-02-06 09:30:00,-31.2667,149.2833,15 KM N OF COONABARABRAN,NSW,0,
327,1992-08-08 07:00:00,-30.7667,151.1167,LONGFORD/DULVAY,NSW,0,
328,1992-10-28 02:20:00,-30.2167,151.6667,BALDBLAIR (12K E OF GUYRA),NSW,0,
329,1992-11-02 06:40:00,-31.1833,150.9167,TIMBUMBURI,NSW,0,
330,1992-12-05 06:55:00,-35.2833,149.2167,CANBERRA,NSW,0,
331,1992-12-07 04:30:00,-32.3333,148.7500,WONGARBON (15K E DUBBO),NSW,0,
332,1992-12-07 06:00:00,-31.8167,149.1167,MENDOORAN (GONOO STATE FOREST,NSW,0,
333,1993-01-13 07:05:00,-30.9834,150.8834,MOORE CREEK NNW OF TAMWORTH,NSW,0,
334,1993-10-18 07:00:00,-31.5333,150.8333,WALLABADAH,NSW,0,
335,1993-10-18 08:00:00,-30.9834,151.5833,WALCHA,NSW,0,
336,1993-11-20 10:20:00,-29.5833,153.3333,TUCABIA,NSW,2,
337,1994-01-03 09:10:00,-32.2667,150.6333,WYBONG,NSW,0,
338,1994-10-26 10:00:00,-31.8830,141.9920,Broken Hill,NSW,0,
339,1994-10-27 06:00:00,-35.3500,146.3200,Urana,NSW,0,
340,1994-11-20 06:30:00,-33.8683,151.2167,CHATSWOOD,NSW,0,
341,1994-11-25 04:30:00,-33.1700,147.2800,CONDOBOLIN,NSW,3,
342,1995-01-28 05:30:00,-31.6800,145.4800,Cobar,NSW,0,
343,1995-01-28 09:00:00,-35.3200,149.1200,Canberra,NSW,0,
344,1995-04-16 09:50:00,-36.9100,149.9000,MERIMBULA,NSW,0,
345,1995-11-20 01:50:00,-29.6200,149.3800,MOREE,NSW,0,
346,1995-11-30 06:00:00,-35.6700,147.8700,5 km south of ROSEWOOD,NSW,0,
347,1996-09-29 03:30:00,-31.7200,148.6700,Gilgandra,NSW,0,
348,1996-09-29 03:30:00,-32.1200,149.0300,ELONG ELONG,NSW,2,
349,1996-09-29 06:00:00,-31.5000,148.9000,BUNDELLA,NSW,0,
350,1998-06-30 18:00:00,-32.7500,152.1700,FINGAL BAY,NSW,1,
351,1998-07-27 09:30:00,-31.7500,150.7000,Willow Tree,NSW,2,
352,2000-11-03 05:00:00,-33.4900,150.5600,GREYSTANES,NSW,1,
353,2000-11-05 05:40:00,-28.5500,153.2900,NIMBIN,NSW,1,
354,2000-11-05 06:25:00,-28.4000,153.3000,UKI,NSW,1,
355,2001-11-18 02:35:00,-33.6100,151.3200,CAREEL BAY,NSW,0,
356,2001-11-18 05:00:00,-33.9700,150.8000,Leppington,NSW,0,
357,2001-11-18 05:15:00,-34.0500,151.1500,Cronulla,NSW,0,
358,2002-02-02 09:15:00,-29.4700,149.8400,Moree,NSW,0,
359,2002-02-07 04:00:00,-30.4700,152.3300,EBOR,NSW,0,
360,2002-02-08 03:30:00,-34.9200,150.6900,Pyree,NSW,0,
361,2002-03-26 07:10:00,-35.4800,149.9200,Braidwood,NSW,1,
362,2002-10-13 08:30:00,-31.3900,151.4000,Niangala,NSW,2,
363,2003-05-29 02:45:00,-32.7990,151.6350,Beresfield,NSW,0,
364,2003-06-30 06:30:00,-32.8980,151.5850,West Wallsend,NSW,0,
365,2003-07-10 06:20:00,-28.8100,153.2600,Lismore,NSW,0,
366,2003-10-06 02:30:00,-33.9500,148.0800,Grenfell,NSW,0,
367,2003-11-21 04:00:00,-30.0980,148.9680,Burren Junction,NSW,0,
368,2003-12-04 05:00:00,-33.7070,151.1180,Wahroonga,NSW,0,
369,2004-01-13 03:00:00,-34.7150,150.0010,Marulan,NSW,0,
370,2004-03-18 07:15:00,-28.3300,153.3830,Murwillumbah,NSW,2,
371,2005-01-20 01:00:00,-35.4600,149.1000,banks,NSW,0,
372,2005-02-19 08:20:00,-29.6200,149.3800,Moree,NSW,0,
373,2005-10-13 07:15:00,-35.2500,147.3400,wagga wagga,NSW,0,
374,2005-11-03 05:00:00,-30.7400,151.5300,uralla,NSW,0,
375,2005-11-05 00:30:00,-33.1900,149.0100,orange,NSW,0,
376,2005-12-01 05:30:00,-29.5000,151.3000,nullamanna,NSW,0,
377,2005-12-01 08:40:00,-29.0500,152.0200,Tenterfield,NSW,0,
378,2006-02-20 03:45:00,-29.9500,151.6100,ben lomond,NSW,0,
379,2006-08-04 06:00:00,-33.9820,151.2350,La Perouse,NSW,1,
380,2006-11-07 08:00:00,-30.2200,151.6700,guyra,NSW,0,
381,2007-03-01 06:22:00,-29.5000,151.3000,Nullamanna,NSW,0,
382,2007-10-26 05:45:00,-28.6700,153.3200,Dunoon,NSW,1,
383,2007-10-26 05:46:00,-28.6700,153.3200,Dunoon,NSW,0,
384,2007-10-26 05:47:00,-28.6700,153.3200,Dunoon,NSW,0,
385,2007-12-21 04:00:00,-34.2200,144.4600,Hay,NSW,2,
388,1861-07-01 04:30:00,-37.2700,141.4200,CHETWYND,VIC,0,
389,1897-11-19 07:20:00,-36.6500,142.1000,Horsham,VIC,0,
390,1901-11-14 00:00:00,-37.8000,145.0000,MELBOURNE,VIC,0,
391,1901-11-15 00:00:00,-37.6000,144.2000,BALLAN,VIC,0,
392,1904-07-15 00:00:00,-36.9000,145.2000,AVENAL,VIC,2,
393,1910-12-22 00:00:00,-37.7000,144.9000,MELBOURNE,VIC,0,
394,1911-04-30 00:00:00,-36.5000,144.2000,RAYWOOD,VIC,0,
395,1911-09-27 00:00:00,-36.7000,144.0000,LEICHARDT,VIC,0,
396,1911-09-27 00:00:00,-36.7000,144.1000,MARONG,VIC,2,
397,1914-01-26 00:00:00,-37.7000,143.0000,WESTMERE,VIC,1,
398,1915-01-15 00:00:00,-35.9000,145.5000,STRATHMERTON,VIC,0,
399,1916-09-12 00:00:00,-38.4000,142.5000,WARRNAMBOOL,VIC,0,
400,1917-10-14 00:00:00,-38.0500,145.3000,NARRE WARREN NTH,VIC,0,
401,1918-02-02 00:00:00,-37.9000,145.0000,MELBOURNE,VIC,3,
402,1919-02-18 00:00:00,-36.7000,145.6000,EUROA,VIC,0,
403,1921-01-09 00:00:00,-38.1000,144.6000,PORTARLINGTON,VIC,0,
404,1923-05-16 00:00:00,-37.8000,145.0000,MELBOURNE,VIC,0,
405,1923-05-18 00:00:00,-37.8000,145.0000,MELBOURNE,VIC,0,
406,1925-08-21 00:00:00,-35.4000,143.5000,BULGA,VIC,0,
407,1926-07-22 00:00:00,-37.9000,143.3000,LISMORE,VIC,3,
408,1926-07-23 00:00:00,-38.2000,144.3000,GEELONG,VIC,0,
409,1926-12-22 00:00:00,-36.8000,144.3000,BENDIGO,VIC,0,
410,1927-06-19 00:00:00,-37.6000,144.0000,BUNGAREE,VIC,0,
411,1929-12-25 00:00:00,-36.8000,144.5000,AXEDALE,VIC,0,
412,1931-01-08 00:00:00,-36.0000,144.1000,PYRAMID HILL,VIC,2,
413,1931-05-14 00:00:00,-36.8000,144.3000,BENDIGO,VIC,0,
414,1931-12-30 00:00:00,-37.1000,144.6000,SIDONIA,VIC,0,
415,1932-06-15 00:00:00,-37.1000,143.5000,LAMPLOUGH,VIC,1,
416,1932-12-27 00:00:00,-36.3000,145.0000,KYABRAM,VIC,0,
417,1933-11-21 00:00:00,-37.9000,145.1000,MELBOURNE,VIC,0,
418,1934-03-22 00:00:00,-37.9000,145.0000,MELBOURNE,VIC,1,
419,1934-11-08 00:00:00,-35.1000,142.9000,MANANGATANG,VIC,0,
420,1934-11-08 00:00:00,-36.8000,141.4000,KANGAWALL,VIC,0,
421,1934-11-28 00:00:00,-36.3000,141.6000,NHILL,VIC,0,
422,1935-06-23 00:00:00,-37.7000,145.0000,MELBOURNE,VIC,0,
423,1935-09-15 00:00:00,-36.3000,145.0000,KYABRAM,VIC,0,
424,1935-12-03 00:00:00,-37.7000,148.5000,ORBOST,VIC,0,
425,1936-12-29 00:00:00,-37.5000,144.6000,GISBORNE,VIC,1,
426,1937-01-01 00:00:00,-36.4500,143.4800,POSEIDON,VIC,0,
427,1937-01-18 00:00:00,-37.8000,145.0000,MELBOURNE,VIC,0,
428,1937-01-18 00:00:00,-36.8000,144.3000,BENDIGO,VIC,0,
429,1938-02-03 00:00:00,-37.8000,145.0000,MELBOURNE,VIC,0,
430,1938-02-13 00:00:00,-36.9000,143.7000,DUNOLLY,VIC,0,
431,1938-02-22 00:00:00,-36.7000,142.0000,POLKEMMET,VIC,1,
432,1938-02-26 00:00:00,-38.0000,145.0000,MELBOURNE,VIC,0,
433,1938-06-26 00:00:00,-36.1000,145.7000,KATAMATITE,VIC,0,
434,1938-12-09 00:00:00,-37.8000,145.0000,GEELONG,VIC,0,
435,1939-02-23 00:00:00,-37.6000,143.7000,SMYTHESDALE,VIC,1,
436,1940-04-15 00:00:00,-38.0000,145.1000,MELBOURNE,VIC,0,
437,1940-12-06 00:00:00,-36.7000,142.1000,WALMER NTH,VIC,2,
438,1940-12-27 00:00:00,-36.7000,144.1000,MARONG,VIC,2,
439,1942-06-10 00:00:00,-34.2000,142.1000,MILDURA,VIC,2,
440,1943-10-31 00:00:00,-36.7000,144.3000,BENDIGO,VIC,1,
441,1943-11-17 00:00:00,-38.3000,144.6000,QUEENSCLIFFE,VIC,0,
442,1943-11-17 00:00:00,-37.4000,143.8000,CLUNES,VIC,1,
443,1946-07-20 00:00:00,-36.6000,145.9000,BADDAGINNIE,VIC,1,
444,1948-02-03 00:00:00,-37.0000,145.1000,SEYMOUR,VIC,0,
445,1948-02-11 00:00:00,-37.7000,145.0000,MELBOURNE,VIC,0,
446,1948-02-16 00:00:00,-36.3000,143.7000,KORONG VALE,VIC,0,
447,1948-02-17 00:00:00,-36.4000,143.6000,WEDDERBURN,VIC,0,
448,1951-12-10 00:00:00,-36.7000,142.2000,HORSHAM,VIC,0,
449,1952-06-03 00:00:00,-36.1000,146.5000,RUTHERGLEN,VIC,2,
450,1954-05-08 00:00:00,-37.8000,145.1000,MELBOURNE,VIC,2,
451,1955-01-11 00:00:00,-37.7000,144.9000,MELBOURNE,VIC,0,
452,1955-02-11 00:00:00,-36.3000,145.0100,LANCASTER,VIC,1,
453,1955-02-14 00:00:00,-36.9000,141.9000,CLEAR LAKE,VIC,2,
454,1955-03-24 00:00:00,-36.1000,143.7000,BOORT,VIC,0,
455,1955-07-27 00:00:00,-36.9000,144.1000,SHELBOURNE,VIC,2,
456,1955-07-27 00:00:00,-36.1000,145.4000,MUNDOONA,VIC,2,
457,1955-08-09 00:00:00,-38.4000,141.6000,PORTLAND,VIC,2,
458,1955-10-02 00:00:00,-36.3000,145.0000,KYABRAM,VIC,0,
459,1957-01-30 00:00:00,-37.8000,145.0000,MELBOURNE,VIC,1,
460,1957-03-13 00:00:00,-37.8000,144.9000,MELBOURNE,VIC,1,
461,1957-03-13 00:00:00,-35.2000,143.9000,SWAN HILL,VIC,1,
462,1957-03-13 00:00:00,-37.0000,144.1000,NEWSTEAD,VIC,0,
463,1957-11-08 00:00:00,-37.9000,145.0000,MELBOURNE,VIC,0,
464,1958-07-26 00:00:00,-36.4000,146.3000,WANGARATTA,VIC,1,
465,1959-02-13 00:00:00,-37.1000,145.5000,GLENAROUA,VIC,1,
466,1959-02-13 00:00:00,-36.8000,143.9000,LAANECOORIE,VIC,0,
467,1959-06-13 00:00:00,-38.3000,144.7000,BLAIRGOWRIE,VIC,0,
468,1959-06-13 00:00:00,-37.9000,145.0000,MELBOURNE,VIC,1,
469,1960-09-24 03:00:00,-36.0800,145.4300,NUMURKAH,VIC,1,
470,1960-11-12 00:00:00,-37.8500,147.0700,BRIAGALONG,VIC,0,
471,1962-12-11 01:00:00,-37.8200,144.9700,MELBOURNE,VIC,0,
472,1964-08-10 07:45:00,-36.0800,145.4300,NUMURKAH,VIC,1,
473,1964-09-27 00:00:00,-36.7700,143.8300,TARNAGULLA,VIC,1,
474,1964-12-09 00:00:00,-37.9000,145.0000,MELBOURNE,VIC,0,
475,1965-09-10 00:00:00,-37.9000,145.2300,MELBOURNE,VIC,0,
476,1966-10-19 00:00:00,-36.8000,143.7000,MOLIAGUL,VIC,0,
477,1967-09-15 00:00:00,-38.1500,145.1300,MELBOURNE,VIC,0,
478,1969-12-11 05:00:00,-37.8000,145.0000,MELBOURNE,VIC,0,
479,1970-03-22 00:00:00,-38.2000,146.5000,TRARALGON STH,VIC,0,
480,1971-11-08 07:15:00,-37.8000,147.6000,BAIRNSDALE,VIC,0,
481,1971-12-21 06:30:00,-37.7000,145.1000,MELBOURNE,VIC,0,
482,1973-01-27 00:00:00,-38.4000,145.2000,COWES,VIC,0,
483,1976-02-24 00:00:00,-38.1000,144.6000,ST LEONARDS,VIC,1,
484,1976-11-02 01:25:00,-38.1000,142.4000,MORTLAKE,VIC,1,
485,1976-11-13 06:20:00,-37.2000,144.1000,SANDON,VIC,2,
486,1976-11-13 07:15:00,-38.2000,144.4000,GEELONG,VIC,0,
487,1977-10-04 05:00:00,-38.5000,142.2000,REDCLIFFS,VIC,0,
488,1978-09-13 00:00:00,-37.7000,145.4000,SEVILLE,VIC,0,
489,1978-11-05 04:40:00,-38.4000,145.8000,KORUMBURRA,VIC,0,
490,1979-01-07 00:00:00,-36.8000,144.3000,BENDIGO,VIC,0,
491,1984-10-16 09:00:00,-37.8200,144.9700,MELBOURNE,VIC,0,
492,1984-12-14 05:00:00,-38.1300,144.3500,GEELONG,VIC,0,
493,1985-08-22 05:30:00,-36.4000,146.7000,BEECHWORTH,VIC,0,
494,1989-03-09 14:01:00,-35.9800,143.4600,MOSQUITO CREEK,VIC,0,
495,1989-07-01 11:00:00,-37.5800,141.4000,CASTERTON,VIC,3,
496,1990-12-22 08:40:00,-37.8200,144.9700,MELBOURNE,VIC,0,
497,1991-08-06 11:30:00,-36.5500,146.7200,MYRTLFORD,VIC,2,
498,1991-11-25 05:40:00,-35.2300,140.9800,PANITYA,VIC,2,
499,1991-11-25 08:15:00,-35.9800,142.9200,BIRCHIP,VIC,2,
500,1992-12-20 00:00:00,-36.4500,142.0300,DIMBOOLA,VIC,0,
501,1993-02-01 00:00:00,-36.5000,144.6000,ELMORE,VIC,0,
502,1993-02-03 06:00:00,-37.9500,145.5500,MELBOURNE,VIC,0,
503,1993-02-19 08:00:00,-39.0200,146.3500,WILSONS PROMONTORY,VIC,0,
504,1994-04-06 07:00:00,-38.1700,145.9300,WARRAGUL,VIC,0,
505,1994-04-10 23:00:00,-37.8200,144.9700,MELBOURNE,VIC,0,
506,1994-05-10 01:35:00,-37.8700,144.7500,MELBOURNE,VIC,0,
507,1994-10-07 07:30:00,-37.8700,142.2800,PENSHURST,VIC,0,
508,1994-11-29 03:32:00,-38.4000,146.1700,MIRBOO NORTH,VIC,0,
509,1995-07-13 07:00:00,-37.2000,143.1700,EVERSLEY,VIC,0,
510,1997-01-27 03:15:00,-37.2000,142.5000,Halls Gap,VIC,0,
511,1997-01-27 06:40:00,-36.9600,147.7000,BENAMBRA,VIC,0,
512,1997-03-01 20:00:00,-35.9200,145.6500,Cobram,VIC,0,
513,1997-08-24 04:30:00,-37.6900,148.4600,Orbost,VIC,0,
514,1997-09-04 05:45:00,-37.8200,144.9700,Melbourne,VIC,0,
515,1997-09-07 07:00:00,-36.4400,145.2300,Tatura,VIC,0,
516,1998-02-15 22:30:00,-37.8200,144.9700,Melbourne,VIC,0,
517,1998-05-08 01:45:00,-38.6100,145.6000,Wonthaggi,VIC,2,
518,1999-01-27 00:00:00,-35.3500,143.5800,SWAN HILL,VIC,0,
519,1999-02-28 07:00:00,-37.8200,144.9700,MELBOURNE,VIC,0,
520,1999-03-02 01:30:00,-38.0900,144.3400,GEELONG,VIC,0,
521,2000-01-09 04:00:00,-38.0900,144.3400,Geelong,VIC,0,
522,2000-06-21 07:05:00,-37.4000,145.0000,Wallan,VIC,0,
523,2000-06-22 07:00:00,-36.3600,144.7000,Rochester,VIC,2,
524,2000-06-22 07:15:00,-36.3400,145.0700,KYABRAM,VIC,2,
525,2000-08-08 07:40:00,-37.5800,144.7100,MELBOURNE,VIC,1,
526,2000-08-08 08:30:00,-37.7300,144.8800,MELBOURNE,VIC,0,
527,2000-09-09 07:40:00,-36.4500,146.4300,Milawa,VIC,2,
528,2001-10-04 08:20:00,-38.0900,144.3400,GEELONG,VIC,1,
529,2001-11-11 22:30:00,-37.8200,144.9700,MELBOURNE,VIC,0,
530,2001-11-12 16:00:00,-37.8200,144.9700,MELBOURNE,VIC,1,
531,2001-12-02 06:00:00,-38.0900,144.3400,GEELONG,VIC,0,
532,2001-12-02 06:45:00,-35.3300,141.0000,Carina,VIC,0,
533,2002-02-07 05:00:00,-37.5200,143.7800,BALLARAT,VIC,0,
534,2002-02-15 06:15:00,-38.0900,144.3400,GEELONG,VIC,0,
535,2002-02-25 07:00:00,-37.8200,144.9700,MELBOURNE,VIC,0,
536,2002-02-25 08:00:00,-36.3600,144.7000,ROCHESTER,VIC,1,
537,2002-08-12 06:00:00,-38.5000,145.1000,COWES,VIC,0,
538,2002-11-26 05:00:00,-36.6100,147.7900,MYRTLEFORD,VIC,2,
539,2003-04-13 08:00:00,-38.1000,145.8000,DROUIN,VIC,2,
540,2003-05-18 07:30:00,-36.7200,144.2500,Bendigo,VIC,2,
541,2003-10-08 01:00:00,-37.8200,144.9700,Melbourne,VIC,0,
542,2003-12-21 06:20:00,-37.0700,142.7900,stawell,VIC,0,
543,2003-12-21 07:00:00,-38.1000,144.0000,inverleigh,VIC,2,
544,2004-05-18 03:30:00,-37.8200,144.9700,Melbourne,VIC,0,
545,2004-05-18 03:55:00,-37.8200,144.9700,Melbourne,VIC,0,
546,2004-06-09 10:50:00,-37.8200,144.9700,Melbourne,VIC,1,
547,2004-06-14 02:30:00,-37.0000,144.3000,Sutton Grange,VIC,0,
548,2005-04-10 04:00:00,-38.6100,145.7000,inverloch,VIC,0,
549,2005-08-03 10:00:00,-38.0400,145.0800,Melbourne,VIC,0,
550,2006-12-25 22:30:00,-38.1050,145.1319,SEAFORD,VIC,1,
551,2007-02-26 07:00:00,-37.4076,142.4126,MIRRANATWA,VIC,0,
552,2007-05-14 05:00:00,-38.0210,144.4096,LARA,VIC,1,
553,2007-12-03 00:00:00,-38.3705,145.7054,LOCH,VIC,0,
554,2007-12-20 02:20:00,-37.5447,143.3196,STOCKYARD HILL,VIC,1,
555,2007-12-20 04:00:00,-37.6853,143.3625,SKIPTON,VIC,2,
556,2007-12-21 01:00:00,-36.4915,144.6144,ELMORE,VIC,2,
557,1968-11-22 10:20:00,-28.3394,152.2944,Killarney,QLD,0,
558,1970-10-29 04:40:00,-28.8506,151.4672,Texas,QLD,0,
559,1971-08-14 11:30:00,-26.2600,152.8683,Kin Kin,QLD,0,
560,1971-11-07 04:45:00,-27.5833,152.2000,Grantham,QLD,0,
561,1971-11-28 18:00:00,-26.3833,153.1000,Noosa Heads,QLD,0,
562,1972-11-09 14:15:00,-24.9342,152.2042,Bundaberg,QLD,0,
563,1973-11-04 08:30:00,-27.4983,153.0317,Brisbane,QLD,3,
564,1976-12-04 06:15:00,-27.3817,151.9233,Toowoomba,QLD,0,
565,1976-12-07 07:45:00,-20.7770,145.0160,Torrens Creek,QLD,0,
566,1977-02-21 05:00:00,-27.2430,153.1020,Margate,QLD,0,
567,1978-12-01 08:00:00,-25.6283,151.6100,Gayndah,QLD,2,
568,1978-12-20 23:23:00,-28.0080,153.3870,Benowa,QLD,0,
569,1980-12-15 05:30:00,-27.5717,153.0081,Archerfield,QLD,0,
570,1981-06-01 05:40:00,-25.6000,152.6000,Mungar,QLD,0,
571,1981-11-13 07:00:00,-26.0650,153.1000,Coolum,QLD,0,
572,1983-03-19 20:00:00,-28.1467,153.2850,Mudgeeraba,QLD,0,
573,1983-10-05 15:30:00,-26.6550,153.1040,Cotton Tree Beach,QLD,2,
574,1985-10-27 05:00:00,-27.2286,153.1081,Redcliffe,QLD,1,
575,1986-03-09 06:00:00,-27.6000,153.1500,Daisy Hill,QLD,1,
576,1988-03-13 16:30:00,-23.2666,150.8333,Emu Park,QLD,0,
578,1989-12-24 03:00:00,-27.2070,153.0720,Redcliffe,QLD,2,
579,1992-11-29 04:40:00,-25.5300,152.7600,Oakhurst,QLD,3,
580,1992-11-29 05:30:00,-24.9800,152.2000,Bucca,QLD,4,
581,1995-01-20 14:50:00,-25.2600,152.8200,Point Vernon,QLD,1,
582,1995-12-01 08:00:00,-27.5100,151.9500,Mount Kynoch,QLD,0,
583,1995-12-23 08:00:00,-23.3800,150.4800,Rockhampton,QLD,0,
584,1996-12-11 01:50:00,-27.2500,151.6000,Dalby,QLD,0,
585,1997-02-24 05:30:00,-21.5000,149.2000,Yukan,QLD,0,
586,1999-05-01 02:00:00,-28.0100,149.7300,Goondiwindi,QLD,0,
587,1999-11-08 06:30:00,-26.3500,152.7300,Cedar Pocket,QLD,1,
588,1999-12-10 07:00:00,-27.4500,153.0300,Bethania,QLD,1,
589,2000-11-02 04:30:00,-23.3420,150.5190,Rockhampton,QLD,3,
590,2000-11-26 08:30:00,-23.6630,143.9940,Longreach,QLD,0,
592,2001-11-07 05:00:00,-27.6600,152.4700,Grandchester,QLD,0,
593,1851-09-09 03:30:00,-34.8500,138.6500,Adelaide,SA,0,
594,1855-11-08 15:00:00,-35.5200,138.2200,Yankalilla,SA,0,
595,1855-11-09 02:00:00,-34.8500,138.6500,Adelaide,SA,0,
596,1857-08-16 17:15:00,-34.8500,138.6500,Adelaide,SA,0,
597,1862-10-15 09:00:00,-35.1800,138.5000,Noarlunga,SA,0,
598,1868-06-17 21:40:00,-34.8500,138.6500,Adelaide,SA,0,
599,1870-02-15 04:40:00,-34.4700,138.9900,Nuriootpa,SA,0,
600,1870-08-12 15:30:00,-35.1100,138.6300,Clarendon,SA,0,
601,1870-10-16 00:00:00,-33.5600,139.1000,Burra,SA,0,
602,1871-08-13 01:30:00,-37.8300,140.7800,Mount Gambier,SA,1,
603,1872-01-21 00:00:00,-34.4100,139.1300,Truro,SA,0,
604,1873-05-06 18:00:00,-37.8300,140.7800,Mount Gambier,SA,2,
605,1874-05-16 21:00:00,-33.2000,138.6000,Jamestown,SA,2,
606,1874-06-06 00:00:00,-34.7700,139.0500,Mount Pleasant,SA,2,
607,1874-11-20 08:00:00,-34.1500,138.8800,Kapunda,SA,1,
608,1875-11-21 00:00:00,-34.4900,135.8500,Port Lincoln,SA,0,
609,1879-11-18 00:00:00,-30.8100,138.4100,Beltana,SA,1,
610,1880-02-22 04:50:00,-34.8500,138.6500,Adelaide,SA,0,
611,1880-02-24 00:00:00,-33.5400,138.2200,Redhill,SA,0,
612,1882-11-26 12:00:00,-34.5900,138.7400,Gawler,SA,0,
613,1883-06-20 20:30:00,-34.8500,138.6500,Adelaide,SA,0,
614,1885-12-19 00:00:00,-34.3300,137.5900,Maitland,SA,0,
615,1886-11-02 06:00:00,-32.2500,137.9800,Quorn,SA,0,
616,1889-01-20 00:00:00,-32.4400,136.0600,Mount Ive Homestead,SA,0,
617,1889-02-26 06:30:00,-33.3600,138.4000,Crystal Brook,SA,0,
618,1889-05-19 04:30:00,-34.9900,137.4000,Warooka,SA,0,
619,1890-01-21 06:30:00,-33.0900,138.2100,Wirrabara,SA,0,
620,1890-01-25 07:30:00,-33.9600,138.6400,Watervale,SA,0,
621,1890-01-25 07:00:00,-34.1500,138.8800,Kapunda,SA,0,
622,1891-07-05 01:00:00,-34.4700,138.7500,Templers,SA,0,
623,1892-12-29 10:30:00,-34.9200,139.3100,Mannum,SA,0,
624,1893-07-24 02:00:00,-34.7000,137.7100,Curramulka,SA,0,
625,1893-10-17 00:00:00,-33.4300,138.3000,Narridy,SA,0,
626,1894-06-03 00:30:00,-34.7600,138.6400,Salisbury,SA,0,
627,1894-10-13 00:00:00,-32.8800,138.3500,Booleroo,SA,0,
628,1894-10-13 00:00:00,-33.1800,138.0100,Port Pirie,SA,0,
629,1895-12-09 08:40:00,-34.8500,138.6500,Adelaide,SA,0,
630,1895-12-09 07:00:00,-33.9300,137.6300,Wallaroo,SA,0,
631,1897-02-14 05:30:00,-34.6700,138.5600,Virginia,SA,0,
632,1897-05-15 00:30:00,-36.8200,140.3800,Lucindale,SA,0,
633,1897-11-19 06:00:00,-32.7100,138.7800,Orroroo,SA,0,
634,1897-11-19 05:00:00,-33.4300,138.3000,Narridy,SA,0,
635,1898-09-04 06:00:00,-34.1700,140.7500,Renmark,SA,0,
636,1901-01-11 03:00:00,-34.8500,138.6500,Adelaide,SA,0,
637,1901-03-02 00:00:00,-34.2500,139.1000,Eudunda,SA,0,
638,1901-11-13 00:00:00,-33.7000,136.4900,Cleve,SA,0,
639,1903-12-26 00:00:00,-34.5900,138.7400,Gawler,SA,0,
640,1903-12-26 00:01:00,-34.4500,138.3500,Dublin,SA,0,
641,1903-12-26 01:30:00,-34.8500,138.6500,Adelaide,SA,0,
642,1903-12-26 04:30:00,-33.9600,137.7200,Kadina,SA,0,
643,1904-10-18 05:10:00,-33.0900,138.2100,Wirrabara,SA,0,
644,1904-10-18 06:00:00,-34.5300,138.9500,Tanunda,SA,0,
645,1904-10-18 08:45:00,-34.1900,138.1500,Port Wakefield,SA,0,
646,1906-07-16 09:30:00,-34.8500,138.6500,Adelaide,SA,0,
647,1906-07-20 05:00:00,-37.8300,140.7800,Mount Gambier,SA,0,
648,1907-12-27 00:00:00,-34.1700,140.7500,Renmark,SA,0,
649,1910-11-04 07:30:00,-29.6500,138.0600,Marree,SA,0,
650,1911-01-26 02:30:00,-36.0300,140.5800,Keith,SA,0,
651,1912-07-03 00:00:00,-35.2200,138.7300,Meadows,SA,0,
652,1913-12-22 06:30:00,-32.8700,137.0000,Iron Knob,SA,0,
653,1915-02-20 05:00:00,-36.8700,140.9300,Kybybolite,SA,0,
654,1915-06-29 09:00:00,-34.1900,138.1500,Port Wakefield,SA,0,
655,1916-11-24 00:00:00,-33.6900,138.9400,Burra,SA,0,
656,1917-05-11 23:15:00,-35.5200,138.2200,Yankalilla,SA,0,
657,1920-05-15 02:30:00,-34.8500,138.6500,Adelaide,SA,0,
658,1921-09-15 17:30:00,-34.0000,138.4500,Balaklava,SA,0,
659,1922-06-30 01:00:00,-34.8500,138.6500,Adelaide,SA,0,
660,1922-09-22 07:30:00,-34.8500,138.6500,Adelaide,SA,0,
661,1922-09-25 08:00:00,-33.9300,137.6300,Wallaroo,SA,0,
662,1923-07-16 08:00:00,-36.3100,140.7700,Bordertown,SA,0,
663,1924-10-14 07:00:00,-34.7600,138.6400,Salisbury,SA,0,
664,1924-10-14 09:00:00,-34.2500,140.4600,Barmera,SA,0,
665,1926-05-21 00:30:00,-34.7600,138.6400,Salisbury,SA,0,
666,1926-08-16 13:10:00,-34.8500,138.6500,Adelaide,SA,0,
667,1928-06-04 22:15:00,-34.8500,138.6500,Adelaide,SA,0,
668,1930-04-23 05:25:00,-34.6400,135.8500,Port Lincoln,SA,0,
669,1931-06-11 01:35:00,-34.8500,138.6500,Adelaide,SA,0,
670,1934-11-06 00:00:00,-33.0500,138.4300,Appila,SA,0,
671,1934-11-07 00:00:00,-36.1300,140.7000,Bordertown,SA,0,
672,1934-11-07 00:01:00,-36.1300,140.7000,Bordertown,SA,0,
673,1945-06-26 03:30:00,-34.8500,138.6500,Adelaide,SA,0,
674,1945-08-20 14:20:00,-34.8500,138.6500,Adelaide,SA,0,
675,1947-04-24 00:00:00,-37.8300,140.7800,Mount Gambier,SA,0,
676,1952-05-28 17:50:00,-34.8500,138.6500,Adelaide,SA,0,
677,1952-10-14 19:30:00,-34.8500,138.6500,Adelaide,SA,0,
678,1953-07-30 15:00:00,-35.4000,138.4200,Myponga,SA,0,
679,1953-09-10 02:00:00,-37.8300,140.7800,Mount Gambier,SA,0,
680,1954-10-22 21:00:00,-34.8500,138.6500,Adelaide,SA,0,
681,1955-10-01 00:00:00,-35.3500,138.6200,Mount Compass,SA,0,
682,1956-03-04 06:30:00,-31.9700,133.7600,Ceduna,SA,0,
683,1956-04-14 17:30:00,-34.8500,138.6500,Adelaide,SA,0,
684,1958-07-17 05:15:00,-34.8500,138.6500,Adelaide,SA,0,
685,1958-07-17 05:16:00,-34.8500,138.6500,Adelaide,SA,0,
686,1958-07-17 05:17:00,-34.8500,138.6500,Adelaide,SA,0,
687,1959-04-01 00:00:00,-35.0200,137.6000,Yorketown,SA,0,
688,1959-11-27 06:30:00,-34.5200,137.7700,Sandilands,SA,2,
689,1960-05-29 07:00:00,-34.7600,138.6400,Salisbury,SA,0,
690,1961-05-13 01:00:00,-35.0190,138.5360,Adelaide,SA,1,
691,1961-05-13 02:30:00,-34.9840,138.5350,Adelaide,SA,1,
692,1961-12-16 14:00:00,-32.7100,138.7800,Orroroo,SA,0,
693,1961-12-16 14:00:00,-37.2900,140.8200,Coonawarra,SA,0,
694,1962-05-22 08:15:00,-34.8760,138.5380,Adelaide,SA,1,
695,1963-07-27 20:35:00,-34.8500,138.6500,Adelaide,SA,0,
696,1964-07-10 06:45:00,-35.0000,138.5000,Adelaide,SA,1,
697,1964-07-11 05:00:00,-34.6300,135.4500,Coffin Bay,SA,1,
698,1964-07-18 23:45:00,-34.6700,138.5600,Virginia,SA,0,
699,1965-05-13 01:15:00,-34.8000,138.5000,Adelaide,SA,2,
700,1965-05-23 00:00:00,-37.2500,140.4300,Millicent,SA,0,
701,1965-09-04 06:00:00,-33.9100,136.5700,Arno Bay,SA,0,
702,1965-09-04 07:30:00,-34.6700,138.5600,Virginia,SA,1,
703,1965-09-04 08:45:00,-33.4667,138.4500,Gulnare,SA,1,
704,1968-09-30 02:30:00,-34.8500,138.6500,Adelaide,SA,0,
705,1968-09-30 04:00:00,-34.8500,138.6500,Adelaide,SA,0,
706,1970-02-11 05:30:00,-34.4400,140.6000,Loxton,SA,0,
707,1970-02-11 05:40:00,-34.4400,140.6000,Loxton,SA,0,
708,1971-04-18 02:10:00,-34.8000,138.7000,Adelaide,SA,2,
709,1971-08-20 06:30:00,-34.0900,138.7800,Saddleworth,SA,0,
710,1973-01-27 06:45:00,-32.4800,137.7400,Port Augusta,SA,0,
711,1973-01-30 07:00:00,-36.4100,140.8200,Bordertown,SA,0,
712,1973-10-18 07:30:00,-34.1800,139.9800,Waikerie,SA,0,
713,1973-10-18 07:50:00,-33.8300,138.6500,Clare,SA,0,
714,1974-03-25 04:30:00,-33.9600,137.7200,Kadina,SA,0,
715,1974-03-30 09:00:00,-35.0700,140.8400,Pinnaroo,SA,0,
716,1974-05-14 03:15:00,-34.2500,139.1000,Eudunda,SA,0,
717,1975-01-07 08:30:00,-33.3600,138.4000,Crystal Brook,SA,0,
718,1975-01-24 07:30:00,-34.6300,135.4500,Coffin Bay,SA,0,
719,1975-03-14 12:00:00,-35.0600,138.7100,Scott Creek,SA,0,
720,1975-11-22 00:00:00,-33.2000,138.6000,Jamestown,SA,0,
721,1975-11-22 04:40:00,-33.2100,137.3600,Whyalla,SA,0,
722,1976-11-12 07:00:00,-34.8500,138.6500,Adelaide,SA,0,
723,1976-12-15 06:30:00,-34.8000,138.5000,Adelaide,SA,1,
724,1977-08-20 19:45:00,-36.9500,140.0000,Robe,SA,0,
725,1977-10-01 06:00:00,-31.9300,133.0100,Penong,SA,0,
726,1978-01-23 05:45:00,-30.4500,137.1700,Andamooka,SA,0,
727,1978-09-13 07:15:00,-34.7200,138.7400,One Tree Hill,SA,0,
728,1979-03-01 07:30:00,-34.0700,137.5900,Moonta,SA,0,
729,1979-03-01 09:00:00,-34.8500,139.1600,Palmer,SA,0,
730,1979-05-29 00:55:00,-34.6000,138.7000,Evanston,SA,2,
731,1981-06-13 14:15:00,-35.7000,137.6000,Kingscote,SA,2,
732,1981-06-23 11:30:00,-33.9600,137.7200,Kadina,SA,2,
733,1983-09-07 10:00:00,-33.6000,137.9000,Port Broughton,SA,0,
734,1983-09-10 16:00:00,-37.6000,140.3000,Millicent,SA,1,
735,1983-11-24 06:30:00,-31.0300,137.0500,Woomera,SA,0,
736,1983-12-31 01:45:00,-34.5300,138.6900,Roseworthy,SA,0,
737,1984-05-22 04:15:00,-35.8800,137.3100,Seddon,SA,0,
738,1984-08-08 17:00:00,-33.7000,134.9000,Elliston,SA,1,
739,1985-12-06 04:00:00,-34.4400,140.6000,Loxton,SA,0,
740,1986-11-30 07:15:00,-29.0000,134.8000,Coober Pedy,SA,3,
741,1986-12-06 05:45:00,-35.4000,138.4000,Myponga,SA,1,
742,1987-02-18 13:00:00,-33.8000,138.6000,Armagh,SA,3,
743,1987-02-18 16:00:00,-34.4000,138.3000,Port Parham,SA,3,
744,1987-06-21 03:30:00,-34.8000,138.7000,Adelaide,SA,1,
745,1987-11-19 03:30:00,-36.4000,140.9000,Pooginagoric,SA,1,
746,1987-11-19 03:30:00,-35.3000,140.9000,Pinnaroo,SA,1,
747,1987-12-31 02:40:00,-36.7200,140.1700,Kingston se,SA,3,
748,1988-03-29 07:30:00,-33.7000,136.5000,Cleve,SA,0,
749,1988-05-05 08:45:00,-34.2000,140.7000,Renmark,SA,2,
750,1988-08-30 07:20:00,-34.9000,138.6000,Adelaide,SA,0,
751,1988-12-09 03:30:00,-33.7000,136.5000,Cleve,SA,0,
752,1989-07-05 14:00:00,-33.5900,136.2300,Kielpa,SA,0,
753,1989-07-05 15:00:00,-35.1000,138.6000,Gawler,SA,2,
754,1989-12-01 02:00:00,-30.4500,136.8700,Roxby Downs,SA,0,
755,1990-08-14 06:30:00,-34.7000,138.7000,Adelaide,SA,1,
756,1991-01-03 00:30:00,-37.1100,140.7300,Bool Lagoon,SA,0,
757,1991-01-03 02:15:00,-35.1000,139.9000,Karoonda,SA,1,
758,1991-01-22 07:30:00,-33.4000,138.1000,Wandearah,SA,2,
759,1991-01-22 07:40:00,-33.6000,138.5000,Yacka,SA,2,
760,1991-01-22 16:00:00,-33.0000,138.0000,Port Germein,SA,2,
761,1991-06-16 03:30:00,-35.4000,138.3000,Adelaide,SA,0,
762,1991-06-28 13:30:00,-37.0000,140.4000,Lucindale,SA,1,
763,1991-08-20 09:30:00,-34.9000,139.0000,Mount Torrens,SA,1,
764,1992-04-04 05:40:00,-37.5700,140.7000,Kalangadoo,SA,0,
765,1992-06-09 08:30:00,-37.4700,140.7600,Penola,SA,1,
766,1992-06-09 11:00:00,-36.6100,140.7100,Padthaway,SA,1,
767,1992-08-11 21:00:00,-34.7500,138.6120,Adelaide,SA,1,
768,1992-08-11 21:30:00,-34.0500,138.6400,Auburn,SA,1,
769,1992-11-20 04:40:00,-33.0000,138.3000,Wirrabara,SA,0,
770,1992-11-20 06:00:00,-34.6650,138.6250,Adelaide,SA,1,
771,1993-09-19 03:20:00,-34.5300,139.0400,Angaston,SA,2,
772,1993-09-30 06:50:00,-34.2200,140.7000,Renmark,SA,1,
773,1993-11-17 05:15:00,-34.2400,140.4700,Barmera,SA,1,
774,1994-05-25 03:15:00,-34.6120,138.7360,Gawler,SA,1,
775,1994-10-07 07:00:00,-37.6400,140.3800,Millicent,SA,2,
776,1995-05-24 22:45:00,-35.8000,137.2300,Parndana,SA,1,
777,1995-06-10 02:00:00,-34.5900,138.7400,Gawler,SA,1,
778,1995-07-21 07:30:00,-33.7000,138.1000,Mundoora,SA,2,
779,1995-07-21 08:00:00,-34.3000,138.8000,Tarlee,SA,2,
780,1995-07-21 08:15:00,-34.3000,135.7000,Cummins,SA,2,
781,1996-06-22 08:05:00,-34.8800,138.9800,Mount Torrens,SA,1,
782,1996-08-02 21:00:00,-35.5600,138.6000,Victor Harbour,SA,0,
783,1996-09-28 07:30:00,-30.3100,139.3300,Arkaroola,SA,2,
784,1997-10-30 21:35:00,-35.7100,139.6400,Coonalpyn,SA,0,
785,1997-10-30 23:45:00,-36.1300,140.7000,Bordertown,SA,0,
786,1998-06-05 16:00:00,-34.8500,138.6500,Adelaide,SA,0,
787,1998-07-08 01:00:00,-35.7200,137.9400,Penneshaw,SA,1,
788,1998-07-08 02:50:00,-34.8900,138.6400,Adelaide,SA,0,
789,1998-09-22 10:15:00,-35.2000,138.7300,Meadows,SA,0,
790,1998-09-22 11:00:00,-34.3590,138.3780,Long Plains,SA,0,
791,1998-09-22 12:45:00,-33.9200,138.7300,Mintaro,SA,1,
792,1998-10-17 05:50:00,-34.1200,138.8600,Marrabel,SA,1,
793,1999-06-17 08:15:00,-35.2900,138.4600,Adelaide,SA,0,
794,1999-07-18 07:00:00,-35.6030,138.5690,Waitpinga,SA,0,
795,2000-07-18 17:00:00,-33.1000,138.3000,Stone Hut,SA,0,
796,2000-07-20 09:15:00,-37.4300,140.0800,Woakwine,SA,2,
797,2000-07-20 09:30:00,-37.4900,140.2800,Hatherleigh,SA,2,
798,2000-07-20 10:55:00,-36.9700,139.7200,Cape Jaffa,SA,0,
799,2000-07-20 11:05:00,-35.2000,138.9700,Woodchester,SA,0,
800,2000-07-23 20:30:00,-34.8500,138.6500,Adelaide,SA,0,
801,2000-07-24 06:30:00,-35.2700,138.4800,Aldinga,SA,0,
802,2000-08-07 22:20:00,-36.9500,140.0000,Robe,SA,0,
803,2000-09-01 07:35:00,-37.8300,140.7800,Mount Gambier,SA,0,
804,2000-09-06 23:00:00,-34.8500,138.6500,Adelaide,SA,0,
805,2001-05-05 02:20:00,-37.8800,140.7300,Moorak,SA,0,
806,2001-08-07 03:30:00,-34.8500,138.6500,Adelaide,SA,0,
807,2001-09-07 20:15:00,-33.1000,135.3500,Wudinna,SA,0,
808,2002-05-17 20:45:00,-34.3900,135.4700,Coulta,SA,0,
809,2002-05-18 00:45:00,-34.8500,138.6500,Adelaide,SA,0,
810,2002-05-18 12:30:00,-34.6000,138.5100,Two Wells,SA,0,
811,2002-06-15 07:00:00,-33.7000,138.1000,Barunga,SA,0,
812,2002-11-23 04:30:00,-34.3300,136.0800,Tumby Bay,SA,0,
813,2002-11-25 07:45:00,-35.1100,138.6300,Clarendon,SA,0,
814,2002-11-25 08:40:00,-35.0000,138.9400,Brukunga,SA,0,
815,2003-02-02 00:00:00,-34.2200,140.1800,Holder,SA,0,
816,2003-06-04 14:10:00,-34.8500,138.6500,Adelaide,SA,1,
817,2003-06-04 14:30:00,-34.3600,138.6800,Hamley Bridge,SA,0,
818,2003-06-05 17:30:00,-37.8300,140.7800,Mount Gambier,SA,0,
819,2003-06-27 08:30:00,-33.8300,138.8000,Farrell Flat,SA,0,
820,2003-11-19 05:45:00,-33.4700,138.4400,Gulnare,SA,0,
821,2003-11-19 06:20:00,-34.2700,138.5500,Owen,SA,0,
822,2003-11-19 08:30:00,-37.4900,140.2800,Hatherleigh,SA,1,
823,2004-06-12 18:00:00,-34.2600,135.7300,Cummins,SA,0,
824,2004-06-30 03:05:00,-36.8200,140.3800,Lucindale,SA,0,
825,2004-08-02 00:30:00,-33.7500,135.1900,Elliston,SA,0,
826,2004-08-02 07:00:00,-34.8500,138.6500,Adelaide,SA,0,
827,2004-08-03 00:50:00,-36.8200,140.3800,Lucindale,SA,1,
828,2004-08-13 00:45:00,-35.5200,138.2200,Yankalilla,SA,0,
829,2004-12-10 05:00:00,-35.1200,139.2800,Murray Bridge,SA,0,
830,2005-01-03 04:30:00,-33.0200,138.0000,Port Germein,SA,0,
831,2005-01-03 05:30:00,-34.5000,139.0500,Angaston,SA,0,
832,2005-06-10 10:00:00,-34.9500,139.5500,Bow Hill,SA,1,
833,2005-06-10 10:30:00,-35.1000,139.9000,Karoonda,SA,1,
834,2005-06-18 10:30:00,-31.1000,138.6800,Blinman,SA,0,
835,2005-06-19 03:10:00,-35.6700,137.0700,Snelling Beach,SA,1,
836,2005-06-21 04:30:00,-34.5500,135.4800,Wangary,SA,1,
837,2005-06-21 06:30:00,-35.2200,138.5400,McLaren Vale,SA,0,
838,2005-06-21 06:40:00,-34.8500,138.6500,Adelaide,SA,0,
839,2006-05-06 12:00:00,-36.8100,139.0800,Kingston,SA,1,
840,2007-05-20 19:50:00,-35.2100,138.4700,Adelaide,SA,0,
841,2007-07-04 00:00:00,-34.3600,135.4500,Poona,SA,2,
842,2007-07-04 11:30:00,-35.1200,139.2800,Murray Bridge,SA,1,
843,2008-04-01 20:01:00,-35.5900,138.5300,Waitpinga,SA,0,
844,1954-06-16 14:00:00,-32.7100,116.1000,Dwellingup,WA,0,
845,1959-08-02 02:00:00,-33.0000,116.9100,Williams,WA,0,
846,1959-12-31 07:00:00,-32.2500,116.0200,byford,WA,0,
847,1960-04-05 20:00:00,-33.4000,116.1000,Collie,WA,0,
848,1961-01-24 16:00:00,-31.8000,116.4000,WUNDOWIE,WA,0,
849,1961-07-26 07:30:00,-33.5000,115.8000,"Bunbury,Boyup Brook",WA,0,
850,1962-02-11 07:30:00,-31.1000,120.6000,WOOLGANGIE,WA,0,
851,1962-02-11 16:00:00,-26.6000,120.2000,WILUNA,WA,0,
852,1963-03-14 16:00:00,-34.6000,117.7000,MOUNT BARKER,WA,0,
853,1963-06-26 03:00:00,-32.5000,115.7700,Mandurah,WA,0,
854,1963-08-19 15:40:00,-31.9500,115.8000,Perth,WA,0,
855,1963-12-10 09:15:00,-31.7000,116.7000,NORTHAM,WA,0,
856,1964-02-24 09:00:00,-29.4000,116.3000,PERENJORI,WA,0,
857,1964-06-11 16:00:00,-32.1000,115.8000,FREMANTLE,WA,0,
858,1964-06-15 03:50:00,-32.5000,115.7000,MANDURAH,WA,0,
859,1964-06-15 04:20:00,-33.5000,116.0000,Carolup,WA,0,
860,1964-06-16 04:20:00,-33.8000,117.4000,CARROLUP,WA,0,
861,1964-07-10 16:00:00,-33.7000,115.3000,BUSSELTON,WA,0,
862,1966-02-18 08:00:00,-32.5000,117.1000,PINGELLY,WA,0,
863,1966-02-18 08:30:00,-31.5000,118.3000,MERREDIN,WA,0,
864,1966-08-26 03:50:00,-32.5000,115.7000,MANDURAH,WA,0,
865,1967-01-30 16:00:00,-33.8000,116.0000,BALINGUP,WA,0,
866,1967-04-02 02:30:00,-32.1000,115.8000,FREMANTLE,WA,0,
867,1967-05-08 08:35:00,-33.3000,115.8000,BRUNSWICK,WA,0,
868,1967-06-11 05:30:00,-31.9000,115.8000,SCARBOROUGH,WA,0,
869,1967-07-19 04:40:00,-32.0000,115.9000,PERTH,WA,0,
870,1967-09-01 11:00:00,-33.1000,115.9000,HARVEY,WA,0,
871,1967-10-08 09:30:00,-33.7000,115.0000,YALLINGUP,WA,0,
872,1967-12-05 11:10:00,-33.3000,115.6000,BUNBURY,WA,0,
873,1968-06-08 00:10:00,-32.2000,115.7000,NAVAL BASE,WA,0,
874,1968-06-12 02:10:00,-32.1000,115.8000,WHITE GUM VALLEY,WA,0,
875,1968-09-09 19:20:00,-32.0000,116.0000,KEWDALE,WA,0,
876,1969-04-08 16:00:00,-34.3000,115.1000,KARRIDALE,WA,0,
877,1970-06-21 23:00:00,-33.6000,115.5000,LUDLOW,WA,0,
878,1970-06-27 06:30:00,-34.3000,116.1000,MANJIMUP,WA,0,
879,1972-05-12 23:30:00,-31.2000,116.8000,GOOMALLING,WA,0,
880,1975-07-16 14:00:00,-32.1000,116.0000,ARMADALE,WA,0,
881,1975-07-28 09:00:00,-32.7000,116.1000,DWELLINGUP,WA,0,
882,1975-12-17 08:30:00,-20.4000,118.6000,PORT HEDLAND,WA,0,
883,1977-12-21 09:00:00,-31.7000,116.7000,NORTHAM,WA,0,
884,1978-02-14 06:00:00,-30.8400,116.3800,PIAWANING,WA,0,
885,1979-01-22 07:30:00,-31.7000,116.7000,NORTHAM,WA,0,
886,1981-11-11 10:00:00,-31.6000,117.3000,CUNDERDIN,WA,0,
887,1982-06-08 10:00:00,-32.3000,115.7600,SHOALWATER,WA,0,
888,1982-11-29 06:00:00,-32.4600,123.8600,BALLADONIA,WA,0,
889,1983-08-11 15:00:00,-33.4000,115.7000,Bunbury,WA,0,
890,1983-08-22 13:45:00,-32.1000,115.8000,FREMANTLE,WA,0,
891,1983-09-03 00:00:00,-31.9000,115.8500,Perth,WA,0,
892,1986-08-24 05:00:00,-32.3000,115.8000,ROCKINGHAM,WA,0,
893,1986-11-09 08:10:00,-30.8000,128.1000,FORREST,WA,0,
894,1987-04-07 00:00:00,-32.9000,116.5000,Boddington,WA,0,
895,1987-04-07 09:00:00,-35.0000,116.7000,NORTH WALPOLE,WA,0,
896,1987-08-12 03:00:00,-32.5000,115.7000,MANDURAH,WA,0,
897,1989-07-27 08:30:00,-32.6000,115.9000,PINJARRA,WA,0,
898,1992-08-01 09:00:00,-28.0600,116.6500,PINDATHUNA,WA,0,
899,1993-03-11 08:00:00,-27.3900,115.9600,TWIN PEAKS,WA,0,
900,1993-09-03 11:15:00,-34.0000,115.1000,WITCHCLIFFE,WA,0,
901,1993-09-06 01:40:00,-31.7000,115.7000,CONNELLY,WA,0,
902,1993-09-22 09:00:00,-32.5200,115.7500,MANDURAH,WA,3,
903,1994-05-22 06:30:00,-32.1500,116.0500,Perth,WA,0,
904,1994-05-28 22:40:00,-31.0400,115.3700,bindoon,WA,1,
905,1994-05-28 22:50:00,-33.0000,114.5900,donnybrook,WA,1,
906,1994-05-28 23:50:00,-31.7500,116.8000,northam,WA,1,
907,1994-05-29 02:00:00,-34.8000,118.0000,Kalgan,WA,0,
908,1994-12-17 08:20:00,-29.5700,116.0600,carnamah,WA,0,
909,1995-01-27 10:50:00,-34.3700,117.0800,frankland,WA,1,
910,1995-02-24 08:30:00,-20.3100,118.6000,port hedland,WA,0,
911,1995-03-28 09:00:00,-28.2000,113.6000,Abrolhos Is,WA,0,
912,1995-04-28 02:00:00,-28.1600,114.6500,Ogilvie,WA,0,
913,1995-05-23 03:50:00,-31.9350,115.7860,perth,WA,0,
914,1995-06-07 07:30:00,-33.7220,117.6750,katanning,WA,2,
915,1995-06-07 07:30:00,-31.4400,118.5200,burracoppin,WA,2,
916,1995-06-07 09:45:00,-32.7830,118.4320,kulin,WA,2,
917,1995-06-08 10:45:00,-31.8270,115.7720,perth,WA,0,
918,1995-06-08 11:30:00,-32.0540,115.7450,freemantle,WA,0,
919,1995-06-24 19:20:00,-34.6940,117.5340,mount barker,WA,0,
920,1995-07-07 12:43:00,-33.4950,115.8600,wellington mill,WA,1,
921,1995-07-07 13:30:00,-33.8900,16.1910,mayanup,WA,2,
922,1995-07-07 15:03:00,-32.5170,115.7280,mandurah,WA,0,
923,1995-07-24 12:50:00,-31.8500,115.7500,perth,WA,0,
924,1995-12-24 15:23:00,-33.8000,116.5000,Boyup Brook,WA,1,
925,1996-02-07 07:30:00,-28.3000,117.4000,Mt Magnet,WA,2,
926,1996-06-15 05:00:00,-32.5000,115.7700,Mandurah,WA,0,
927,1996-06-21 03:30:00,-32.7200,116.0600,Dwellingup,WA,0,
928,1996-06-26 22:30:00,-31.9610,115.7780,Perth,WA,0,
929,1996-07-15 12:30:00,-32.0000,115.8500,Perth,WA,1,
930,1997-09-05 00:00:00,-31.5000,115.8000,Gingin,WA,0,
931,1997-09-05 00:00:00,-32.0000,116.5000,York,WA,0,
932,1997-09-05 05:45:00,-33.2000,118.0000,Kukerin,WA,0,
933,1997-09-11 03:45:00,-33.5800,119.5600,Ravensthorpe,WA,0,
934,1997-11-12 09:45:00,-31.2500,126.0000,Balgair,WA,0,
935,1997-11-24 09:00:00,-20.2000,120.2100,Marble Bar,WA,0,
936,1998-03-10 21:45:00,-33.8000,116.3000,Boyup Brook,WA,0,
937,1998-04-17 00:00:00,-31.5000,116.4000,Toodyay,WA,0,
938,1998-06-07 16:00:00,-34.0000,115.8000,Nannup,WA,0,
939,1998-06-07 17:30:00,-31.1000,117.8000,Trayning,WA,0,
940,1998-06-07 17:30:00,-31.5000,117.4000,Tammin,WA,0,
941,1998-06-07 17:30:00,-32.5000,117.4000,Pingelly,WA,0,
942,1998-06-07 19:00:00,-31.0000,119.3000,Southern Cross,WA,0,
943,1998-06-07 19:00:00,-31.2000,119.5000,Ghooli,WA,0,
944,1998-08-05 02:30:00,-31.5000,116.5000,Toodyay,WA,0,
945,1998-08-05 02:30:00,-31.4000,116.3000,TOODYAY,WA,0,
946,1998-08-28 07:00:00,-31.3000,117.0000,Goomalling,WA,0,
947,1998-09-26 14:20:00,-31.8700,116.0400,Perth,WA,0,
948,1998-11-28 07:50:00,-31.9100,117.2300,Quairading,WA,0,
949,1999-01-22 08:00:00,-31.6000,116.1100,Bindoon,WA,0,
950,1999-06-17 12:15:00,-32.3000,115.7100,Rockingham,WA,0,
951,1999-06-22 05:00:00,-33.3000,115.7000,Australind,WA,0,
952,1999-07-13 05:00:00,-32.2800,115.7300,Rockingham,WA,0,
953,1999-07-13 18:00:00,-34.4000,117.7000,Cranbrrok,WA,0,
954,1999-08-24 22:00:00,-32.0500,115.7600,Fremantle,WA,0,
955,1999-09-02 03:30:00,-34.1000,116.7000,Kojonup,WA,0,
956,1999-10-07 02:30:00,-33.4000,117.3400,Wagin,WA,0,
957,2000-06-20 03:00:00,-31.7000,116.0000,Bullsbrook East,WA,0,
958,2000-06-30 13:30:00,-32.0500,115.7500,Perth,WA,0,
959,2000-07-12 23:00:00,-32.0600,115.9600,Perth,WA,1,
960,2001-01-09 08:30:00,-29.5000,117.3000,Paynes Find,WA,0,
961,2001-02-28 06:00:00,-29.9000,116.5000,Coorow,WA,0,
962,2001-03-05 16:15:00,-20.3700,118.6000,Port Hedland,WA,0,
963,2001-05-05 21:45:00,-33.5000,115.7000,Boyanup,WA,0,
964,2001-05-05 22:00:00,-28.3000,114.6000,Northhampton,WA,0,
965,2001-08-23 03:20:00,-33.9500,115.1900,Margaret River,WA,0,
966,2001-08-23 07:30:00,-32.0500,115.9800,Perth,WA,1,
967,2001-09-29 06:00:00,-32.1300,116.0000,Perth,WA,0,
968,2001-10-19 09:30:00,-27.3900,115.9700,Yalgoo,WA,0,
969,2002-01-17 00:00:00,-32.0000,119.0000,Southern Cross,WA,0,
970,2002-05-02 12:10:00,-28.3461,114.6361,Northampton,WA,0,
971,2002-06-12 19:00:00,-32.2800,115.7600,Rockingham,WA,1,
972,2002-10-17 05:00:00,-32.2400,115.7000,Perth,WA,0,
973,2002-10-17 14:30:00,-32.1000,116.0000,Perth,WA,1,
974,2002-10-31 14:30:00,-32.0000,115.9000,Perth,WA,1,
975,2002-12-28 10:20:00,-33.3700,120.8800,Mulglinup,WA,0,
976,2003-06-26 20:40:00,-31.9500,115.8100,Perth,WA,0,
977,2003-06-26 22:30:00,-32.5000,115.7500,Mandurah,WA,0,
978,2003-06-29 05:40:00,-32.0000,115.8700,Perth,WA,0,
979,2003-12-17 06:50:00,-31.5520,116.4680,Toodyay,WA,0,
980,2004-01-28 07:15:00,-33.6760,116.5970,,WA,0,
981,2004-02-12 08:15:00,-30.9170,118.2000,Mukinbudin,WA,3,
982,2004-02-18 09:45:00,-30.9170,118.2200,Mukinbudin,WA,2,
983,2004-05-09 00:00:00,-33.8520,115.0950,Margaret River,WA,2,
984,2004-06-06 06:30:00,-33.4000,115.7540,Dardanup,WA,2,
985,2004-07-03 06:00:00,-32.3650,115.9810,Serpentine,WA,0,
986,2004-07-05 21:30:00,-33.9550,115.0750,Margaret River,WA,2,
987,2004-07-07 01:30:00,-32.1207,115.8978,Banjup,WA,0,
988,2004-07-11 03:00:00,-33.3170,115.6380,Bunbury,WA,2,
989,2004-11-23 05:15:00,-33.4400,116.9040,Bokal,WA,2,
990,2004-12-25 12:00:00,-30.5900,116.7600,Ballidu,WA,2,
991,2005-01-08 11:45:00,-31.8710,115.8140,Perth,WA,1,
992,2005-05-15 22:10:00,-32.0330,115.7853,Perth,WA,2,
993,2005-05-15 22:19:00,-33.3270,115.6400,Bunbury,WA,3,
994,2005-05-15 22:30:00,-32.0440,115.9880,Perth,WA,1,
995,2005-05-15 22:30:00,-32.3400,115.9568,Perth,WA,2,
996,2005-05-15 23:00:00,-31.5410,116.3190,Toodyay,WA,2,
997,2005-05-16 00:00:00,-33.5300,116.7830,Duranillin,WA,2,
998,2005-05-19 00:00:00,-33.3820,121.1180,Cascade,WA,0,
999,2005-05-21 06:35:00,-31.9920,115.7430,Perth,WA,0,
1000,2005-05-22 07:45:00,-31.9060,115.8960,Perth,WA,0,
1001,2005-07-16 05:30:00,-32.2100,117.0300,Dowerin,WA,0,
1002,2005-07-20 10:20:00,-33.3400,115.6400,Bunbury,WA,0,
1003,2005-08-01 09:30:00,-33.3140,115.7120,Bunbury,WA,2,
1004,2005-08-16 01:30:00,-29.9490,114.9800,Leeman,WA,1,
1005,2005-08-17 06:00:00,-32.2120,115.9310,Perth,WA,1,
1006,2005-09-05 11:45:00,-32.8500,115.9200,Waroona,WA,1,
1007,2005-09-05 12:30:00,-31.8870,115.9070,Perth,WA,1,
1008,2005-09-05 12:30:00,-32.0730,115.8930,Perth,WA,2,
1009,2005-09-05 13:00:00,-30.4410,115.3860,Badgingarra,WA,1,
1010,2005-09-16 17:40:00,-33.8520,115.0950,Cowaramup,WA,0,
1011,2005-09-16 20:00:00,-31.9340,115.7640,Perth,WA,1,
1012,2005-09-16 20:00:00,-31.7890,115.7390,Perth,WA,1,
1013,2006-01-08 08:30:00,-32.6100,121.6300,Salmon Gums,WA,0,
1014,2006-02-11 09:00:00,-31.3000,116.8300,Goomalling,WA,1,
1015,2006-04-25 03:50:00,-32.0900,115.8300,Perth,WA,0,
1016,2006-04-25 03:50:00,-32.1200,115.7900,Perth,WA,0,
1017,2006-08-06 17:30:00,-33.2450,115.7250,Bunbury,WA,2,
1018,2007-07-23 11:00:00,-32.3100,115.7500,rockingham,WA,1,
1019,2007-07-23 13:30:00,-31.6300,117.0100,Meckering,WA,0,
1020,2007-09-11 21:00:00,-31.8700,115.7900,perth,WA,0,
1021,2007-12-16 07:00:00,-29.9200,116.5300,Maya,WA,0,
1022,2008-04-16 05:30:00,-34.0300,115.1000,Forest Grove,WA,0,
1023,2008-05-31 00:00:00,-33.6520,115.3350,Busselton,WA,1,
1024,2008-06-09 23:30:00,-32.2900,115.7200,Rockingham,WA,2,
1025,1928-10-14 02:20:00,-41.1000,146.8200,George town,TAS,2,
1026,1930-04-02 07:00:00,-41.1000,146.8200,GEORGE TOWN,TAS,2,
1027,1958-05-17 00:00:00,-41.3500,146.2500,Railton,TAS,2,
1028,1958-05-17 13:00:00,-41.1900,147.5000,Scottsdale,TAS,2,
1029,1964-08-19 00:00:00,-42.8800,147.3300,HOBART,TAS,1,
1030,1966-08-21 09:10:00,-41.0500,146.7600,BEAUTY POINT,TAS,1,
1031,1966-08-21 09:10:00,-41.0500,146.7800,BEAUTY POINT,TAS,3,
1032,1966-11-26 00:00:00,-42.9700,147.3200,KINGSTON,TAS,1,
1033,1971-01-27 00:00:00,-42.8000,147.3700,HOBART,TAS,2,
1034,1973-02-19 05:10:00,-41.3900,146.3680,MEANDER,TAS,1,
1035,1986-11-15 00:00:00,-41.5800,148.2000,ST MARYS,TAS,0,
1036,1987-03-28 14:00:00,-41.2300,146.4200,LATROBE,TAS,2,
1037,1987-03-28 14:00:00,-41.1500,146.5300,SHEARWATER,TAS,1,
1038,1990-10-20 18:00:00,-41.1800,146.3800,Devonport,TAS,0,
1039,1990-10-21 00:00:00,-40.7400,148.1100,SWAN ISLAND,TAS,0,
1040,1991-09-08 03:00:00,-41.5800,146.8300,WESTBURY,TAS,0,
1041,1992-07-03 00:00:00,-41.4100,147.1200,LAUNCESTON,TAS,0,
1042,1992-11-21 17:00:00,-40.8500,145.1200,SMITHTON,TAS,3,
1043,1992-12-15 00:00:00,-41.9800,146.7200,MIENA,TAS,0,
1044,1996-01-25 17:30:00,-41.3500,146.3000,SHEFFIELD,TAS,2,
1045,1996-03-17 00:00:00,-42.8800,147.3300,Hobart,TAS,0,
1046,1947-01-28 08:30:00,-19.6400,134.1800,Tennant Creek,NT,2,
1047,1989-01-09 07:15:00,-19.6364,134.1814,Tennant Creek,NT,0,
1048,1993-01-15 05:00:00,-23.8083,133.8842,alice springs aero,NT,0,
1049,1995-10-09 22:35:00,-12.4600,130.7400,Darwin,NT,0,
1050,1997-01-18 04:30:00,-25.9000,134.9000,Charlotte Waters,NT,1,
1051,1997-01-26 07:00:00,-25.2300,133.1900,Erldunda,NT,1,
1052,2000-12-03 09:30:00,-12.7000,130.6000,Dundee Beach,NT,0,
1053,2001-01-27 07:00:00,-21.7300,133.7600,Stirling Station,NT,0,
1054,2001-02-27 06:30:00,-12.4300,130.9600,Darwin,NT,0,
1055,2001-10-01 04:30:00,-13.7400,130.6800,Mango Farm,NT,1,
1056,2001-10-16 03:30:00,-24.0000,134.0000,Santa Theresa,NT,2,
1057,2002-02-11 23:30:00,-12.6500,130.5500,Bynoe Haven,NT,0,
1058,2002-11-28 04:30:00,-25.2500,131.0000,Yulara,NT,0,
1059,2003-11-22 07:00:00,-16.3000,131.5000,Moolooloo Station,NT,2,
1060,2003-11-30 05:00:00,-21.5300,133.8900,Barrow Creek,NT,3,
1061,2004-09-29 08:30:00,-25.8400,133.3000,Kulgera,NT,0,
1062,2005-10-20 01:00:00,-21.0000,134.4000,Ali Curung,NT,2,
1063,2007-03-01 09:00:00,-13.5600,132.2700,mary River Ranger Station,NT,3,
1064,2007-03-01 09:00:00,-12.3000,132.0000,Wildman River,NT,2,
1065,2008-11-02 04:00:00,-33.4974,138.6095,SPALDING,SA,0,
1066,2009-03-11 05:00:00,-34.2628,135.7270,CUMMINS,SA,0,
1067,2008-11-28 10:30:00,-31.28542,151.55379,35km south of Walcha,NSW,0,
1068,2008-12-23 05:00:00,-36.5151,149.2846,NIMMITABEL,NSW,0,
1069,2009-01-22 07:00:00,-35.184708,149.132538,"Canberra (northern Suburbs/Gungahlin guess)",NSW,0,
1070,2009-05-02 08:30:00,-33.3410,151.5080,The Entrance,NSW,0,
1071,2008-06-27 06:30:00,-32.1131,116.0739,ROLEYSTONE,WA,1,
1072,2008-11-21 02:00:00,-33.9658,118.4864,ONGERUP,WA,0,
1073,2009-05-21 01:45:00,-34.2967,117.5542,CRANBROOK,WA,0,
1074,2009-06-19 02:50:00,-33.3578,115.6433,Bunbury,WA,1,
1075,2009-06-24 08:30:00,-33.4400,116.9036,BOKAL,WA,0,
1076,2009-01-22 06:00:00,-37.7041,148.4577,ORBOST,VIC,0,
1077,2009-06-30 06:00:00,-36.9438,143.4705,NATTE YALLOCK,VIC,0,
1078,2009-07-01 05:50:00,-38.2964,143.2928,Stonyford,VIC,1,
1079,2009-08-25 01:00:00,-36.4930,144.6131,ELMORE,VIC,0,
1080,2009-06-05 03:00:00,-27.6401,152.5997,Rosewood,QLD,0,
1083,2002-11-25 23:30:00,-17.4450,141.0000,Karumba,QLD,0,
1084,2001-12-24 10:30:00,-41.4100,147.1200,Launceston,TAS,2,
1085,2002-10-07 00:00:00,-42.8300,146.9900,Glenfern,TAS,0,
1087,2010-02-16 06:00:00,-17.3600,145.5900,Malanda,QLD,0,
1088,2004-05-15 13:00:00,-41.1780,146.3590,DEVONPORT,TAS,1,
1089,2009-06-13 17:45:00,-36.8322,139.8538,KINGSTON S.E.,SA,0,
1090,2010-02-04 05:45:00,-30.5151,151.6650,ARMIDALE,NSW,0,
1091,2010-06-02 21:30:00,-28.7984,153.5845,LENNOX HEAD,NSW,1,
1092,2009-04-14 22:26:00,-41.1630,147.5100,SCOTTSDALE,TAS,2,
1093,2009-04-14 22:25:00,-41.2170,147.6960,LEGERWOOD,TAS,0,
1094,2010-02-27 05:15:00,-36.3632,144.6995,ROCHESTER,VIC,0,
1095,2003-10-26 02:00:00,-28.5820,151.9280,The Summit,QLD,2,
1097,2010-09-13 05:48:00,-36.3560,141.3433,MIRAM,VIC,0,
1098,2010-08-10 06:30:00,-36.0985,144.7513,MOAMA,NSW,0,
1099,2003-10-26 06:10:00,-25.5115,152.0461,Biggenden,QLD,2,
1100,2003-10-28 01:20:00,-28.8190,151.7880,Ballandean,QLD,0,
1101,2010-05-22 12:00:00,-33.0778,115.8944,HARVEY,WA,0,
1102,2010-05-26 22:00:00,-32.2814,115.7269,ROCKINGHAM,WA,0,
1103,2010-07-08 22:00:00,-32.0486,115.9208,PARKWOOD,WA,0,
1104,2010-07-09 14:00:00,-32.5294,115.7233,MANDURAH,WA,0,
1105,2003-10-31 08:00:00,-26.1900,152.2700,Kilkivan,QLD,0,
1106,2004-01-25 06:30:00,-27.6042,152.8200,Bundamba,QLD,1,
1107,2004-01-29 07:00:00,-27.0800,152.7700,Mount Mee,QLD,0,
1108,2004-01-30 06:20:00,-27.7162,153.2022,Beenleigh,QLD,0,
1109,2003-12-06 06:50:00,-24.6287,151.9141,Rosedale,QLD,1,
1110,2011-02-28 08:15:00,-31.9652,141.4513,BROKEN HILL,NSW,0,
1111,2010-12-08 02:05:00,-31.9652,141.4513,BROKEN HILL,NSW,0,
1112,2010-11-23 07:30:00,-20.7307,143.1426,Richmond,QLD,0,
1113,2010-12-01 02:38:00,-31.4985,145.8346,COBAR,NSW,0,
1114,2010-12-25 01:00:00,-21.3000,149.2000,Alligator Creek,QLD,1,
1115,2011-01-19 07:20:00,-29.6484,152.8011,RAMORNIE,NSW,0,
1116,2010-08-10 00:00:00,-36.1298,144.7508,ECHUCA,VIC,0,
1117,2011-02-03 07:20:00,-36.9015,143.9795,EASTVILLE,VIC,0,
1118,2011-02-04 05:00:00,-37.8436,144.9740,MELBOURNE,VIC,0,
1119,2010-10-06 04:30:00,-36.7924,143.5519,BEALIBA,VIC,0,
1120,2010-11-07 05:05:00,-37.4248,144.5612,MACEDON,VIC,0,
1121,2011-02-04 06:22:00,-36.3613,144.6985,ROCHESTER,VIC,0,
1122,2011-02-28 08:36:00,-31.9652,141.4513,BROKEN HILL,NSW,0,
1123,2011-05-23 09:30:00,-25.5200,152.6800,Maryborough,QLD,0,
1125,2004-10-17 07:00:00,-26.7498,150.5944,Chinchilla,QLD,0,
1126,2004-11-09 04:00:00,-26.9500,149.9000,Wandoan,QLD,0,
1127,2010-10-02 06:00:00,-35.3317,148.8012,BRINDABELLA RANGE,NSW,0,
1128,2004-12-07 08:40:00,-27.2490,149.6772,Glenmorgan,QLD,0,
1129,2005-01-27 06:40:00,-17.0675,145.6730,Lamb Range,QLD,2,
1130,2010-09-04 07:00:00,-37.2160,145.1053,Broadford,VIC,0,
1131,2005-11-25 12:00:00,-24.9643,151.1336,Mulgildie,QLD,1,
1132,2005-11-27 05:30:00,-27.1920,152.9845,Narangba,QLD,2,
1133,2005-11-30 01:45:00,-17.5500,145.7000,Millaa Millaa,QLD,0,
1134,2005-12-08 05:00:00,-18.7600,138.7100,Century Mine,QLD,0,
1135,2011-02-11 08:30:00,-12.9000,132.5167,COOINDA,NT,0,
1136,1863-02-21 00:00:00,-33.7484,148.5846,WARWICK,QLD,0,
1137,1869-01-22 00:00:00,-26.6609,152.4650,JIMNA,QLD,0,
1138,1876-02-22 00:00:00,-27.4679,153.0280,BRISBANE,QLD,5,
1139,1910-12-19 00:00:00,-27.5131,152.3603,LAKE CLARENDON,QLD,0,
1140,1914-01-20 00:00:00,-24.8662,152.3494,BUNDABERG,QLD,0,
1141,1914-04-04 00:00:00,-27.7079,151.8633,CAMBOOYA,QLD,0,
1142,1920-09-17 00:00:00,-26.4018,146.2384,,NSW,0,
1143,1926-01-09 00:00:00,-31.0317,152.9511,GLADSTONE,NSW,0,
1144,1932-04-23 00:00:00,-26.1901,152.6655,GYMPIE,QLD,0,
1145,1934-01-08 00:00:00,-27.5773,152.8775,MOGGILL,QLD,0,
1146,1935-01-30 00:00:00,-27.5401,153.0677,MOUNT GRAVATT,QLD,0,
1147,1936-02-21 00:00:00,-28.5834,148.2278,DIRRANBANDI,QLD,0,
1148,1936-02-22 06:00:00,-27.6776,153.1344,LOGANLEA,QLD,0,
1149,1936-12-09 02:00:00,-26.3220,152.6747,DAGUN,QLD,0,
1151,1937-10-28 00:00:00,-28.2081,151.5656,KARARA,QLD,0,
1152,1945-11-13 00:00:00,-23.8456,151.1291,YARWUN,QLD,0,
1153,1946-11-14 06:00:00,-23.5557,145.2889,BARCALDINE,QLD,0,
1154,1946-11-14 14:00:00,-23.5557,145.2889,BARCALDINE,QLD,0,
1155,1949-10-14 00:00:00,-20.8440,144.1986,HUGHENDEN,QLD,0,
1156,1949-11-15 05:00:00,-16.9971,145.4231,MAREEBA,QLD,0,
1158,1951-03-10 03:30:00,-26.4018,146.2384,CHARLEVILLE,QLD,0,
1159,1954-12-27 06:00:00,-28.2154,152.0353,WARWICK,QLD,0,
1160,1955-01-07 00:00:00,-25.7948,146.5859,AUGATHELLA,QLD,0,
1161,1955-01-11 00:00:00,-27.4679,153.0280,BRISBANE,QLD,0,
1162,1956-02-09 00:00:00,-27.4679,153.0280,BRISBANE,QLD,0,
1163,1957-01-17 00:00:00,-27.9326,151.9055,CLIFTON,QLD,0,
1164,1962-12-11 00:00:00,-27.4679,153.0280,BRISBANE,QLD,0,
1165,2011-01-12 01:20:00,-12.9000,131.1900,Lake Bennett,NT,0,
1166,1979-12-09 00:00:00,-27.5518,151.8316,Wellcamp,QLD,0,
1168,1980-12-16 00:00:00,-27.2712,153.0697,Hays Inlet,QLD,0,
1169,1980-12-16 00:00:00,-27.5706,152.9872,Archerfield,QLD,0,
1174,1996-11-29 00:00:00,-27.6726,152.7825,Ripley,QLD,1,
1175,1997-01-01 05:30:00,-23.2950,150.3730,Alton Downs,QLD,0,
1176,1998-04-08 00:00:00,-24.0940,150.3260,Goovigen,QLD,0,
1178,2000-01-01 00:00:00,-24.8662,152.3494,Bundaberg,QLD,0,
1181,2001-04-26 00:00:00,-24.2010,150.3720,Jambin,QLD,0,
1182,2004-10-26 06:30:00,-27.3833,152.7833,Mount Nebo,QLD,0,
1183,2006-01-03 09:00:00,-28.2154,152.0700,Warwick,QLD,1,
1184,2006-12-16 00:00:00,-25.2365,152.2774,Childers,QLD,0,
1185,2007-01-10 06:00:00,-26.9334,151.4522,Bell,QLD,1,
1186,2007-01-26 06:50:00,-27.7209,152.3753,Mulgowie,QLD,0,
1188,2011-10-29 23:13:00,-30.6317,150.6678,UPPER MANILLA,NSW,0,
1189,2011-11-08 01:20:00,-36.9151,149.2346,BOMBALA,NSW,0,
1190,2011-10-01 13:45:00,-37.0561,146.0867,MANSFIELD,VIC,0,
1191,2011-10-28 07:00:00,-37.6604,145.3731,YARRA GLEN,VIC,0,
1192,2011-12-25 06:05:00,-37.6572,144.2306,FISKVILLE,VIC,0,
1193,2011-12-25 06:50:00,-37.6471,145.0288,EPPING,VIC,0,
1194,2012-01-11 00:12:00,-37.8446,145.2668,BAYSWATER,VIC,0,
1195,2011-12-25 06:40:00,-37.6664,144.8458,MELBOURNE AIRPORT,VIC,0,
1196,2012-02-27 04:40:00,-34.1942,142.1559,MILDURA,VIC,0,
1197,2012-02-27 04:40:00,-34.2316,142.0815,MILDURA AIRPORT,VIC,0,
1198,2012-04-06 07:35:00,-38.0755,144.3574,CORIO,VIC,0,
1199,2012-04-22 06:34:00,-36.4703,145.6305,CANIAMBO,VIC,0,
1200,2012-04-08 09:45:00,-33.6901,151.1096,ASQUITH RAILWAY STATION,NSW,0,
1201,2012-03-16 05:55:00,-30.5026,151.6372,DUMARESQ,NSW,0,
1202,2012-05-24 05:30:00,-37.1503,142.7567,BLACK RANGE,VIC,0,
1203,2012-06-16 07:00:00,-37.7043,142.1095,STRATHKELLAR,VIC,0,
1204,2012-04-23 03:30:00,-41.1660,146.5530,PORT SORELL,TAS,0,
1205,2011-10-28 00:00:00,-34.3039,140.5192,WINKIE,SA,0,
1206,2011-11-08 00:00:00,-34.1726,140.7431,,SA,0,
1209,2012-06-29 08:00:00,-34.7883,138.4957,NORTH HAVEN,SA,0,
1210,2012-06-29 07:00:00,-34.8684,138.6498,WINDSOR GARDENS,SA,0,
1211,2010-07-14 10:00:00,-34.4380,138.5096,MALLALA,SA,0,
1212,2010-07-31 17:30:00,-37.3771,140.8376,PENOLA,SA,1,
1213,2010-07-31 17:30:00,-37.3427,140.1199,CLAY WELLS,SA,0,
1214,2010-10-14 00:00:00,-33.2288,138.8863,WHYTE-YARCOWIE,SA,0,
1215,2010-10-14 00:00:00,-34.2831,140.6026,BERRI,SA,0,
1216,2010-12-07 00:00:00,-34.7804,138.6705,SALISBURY EAST,SA,0,
1217,2012-06-07 04:00:00,-31.9000,115.9000,Perth,WA,1,
1218,2012-06-07 04:00:00,-31.9000,116.8000,York,WA,0,
1219,2011-02-15 17:00:00,-34.9516,138.8756,WOODSIDE,SA,0,
1220,2009-07-11 13:30:00,-35.1476,138.4766,PORT NOARLUNGA,SA,1,
1221,2009-07-11 23:00:00,-37.2767,139.9703,BRAY JUNCTION,SA,0,
1222,2008-12-18 09:00:00,-27.6304,152.6997,Grantham,QLD,0,
1223,2013-01-15 03:50:00,-24.8400,143.0600,Jundah,QLD,1,
1224,2013-01-21 08:00:00,-33.6317,146.9679,UNGARIE,NSW,0,
1225,2013-03-21 08:40:00,-35.9152,145.7013,BAROOGA,NSW,0,
1226,2013-02-23 16:00:00,-34.6567,150.7012,JAMBEROO,NSW,0,
1227,2013-02-23 16:15:00,-34.6651,150.8679,KIAMA,NSW,1,
1228,2013-02-23 16:25:00,-34.8151,150.7679,SEVEN MILE BEACH,NSW,2,
1229,1906-11-18 07:00:00,-36.7500,144.2700,BENDIGO,VIC,0,
1230,1906-11-18 07:00:00,-36.7500,144.2700,BENDIGO,VIC,0,
1231,1906-11-18 07:00:00,-36.7500,144.2700,BENDIGO,VIC,0,
1232,1896-11-05 04:45:00,-36.6400,144.2600,WOODVALE (SYDNEY FLAT),VIC,0,
1233,1899-03-29 01:00:00,-36.7700,144.2500,GOLDEN SQUARE,VIC,0,
1234,1914-03-27 05:10:00,-36.7500,144.2700,BENDIGO,VIC,0,
1235,2013-03-21 08:30:00,-35.9670,146.0320,MULWALA,NSW,3,
1236,2013-03-21 19:40:00,-36.0577,146.4615,Rutherglen,VIC,0,
1237,2013-03-21 00:00:00,-36.7489,145.9997,SWANPOOL,VIC,1,
1238,2013-03-21 00:00:00,-37.0561,146.0867,MANSFIELD,VIC,1,
1239,2013-03-21 00:00:00,-36.5524,145.9988,BENALLA AERODROME,VIC,0,
1240,2013-03-21 04:00:00,-35.7323,143.9189,KERANG,VIC,0,
1241,2010-11-29 00:00:00,-22.6600,114.1800,Bullara Station,WA,0,
1242,2011-01-05 00:00:00,-33.8333,116.3906,BOYUP BROOK,WA,0,
1243,2011-05-20 00:00:00,-32.0803,115.9153,CANNING VALE,WA,0,
1244,2011-05-29 13:00:00,-33.3403,115.6419,BUNBURY,WA,0,
1245,2011-06-30 03:10:00,-32.5294,115.7233,MANDURAH,WA,0,
1246,2011-07-22 07:26:00,-32.3744,115.9964,SERPENTINE,WA,0,
1247,2011-07-27 14:30:00,-32.8289,115.8808,WAROONA,WA,0,
1248,2013-02-15 16:20:00,-32.4049,134.5335,WIRRULLA,SA,0,
1249,2013-07-04 18:00:00,-34.6431,135.6974,BIG SWAMP,SA,0,
1250,2013-08-03 12:40:00,-36.8322,139.8538,KINGSTON,SA,0,
1251,2013-08-21 18:00:00,-34.7251,138.5821,WATERLOO CORNER,SA,0,
1252,2013-11-18 03:45:00,-33.7026,151.1123,HORNSBY,NSW,1,
1253,2013-11-23 04:30:00,-30.1317,151.4345,TENTERDEN,NSW,1,
1254,2013-11-23 05:00:00,-30.1817,151.8011,BALD BLAIR,NSW,0,
1255,2013-11-23 04:30:00,-30.0984,151.2511,TINGHA,NSW,0,
1256,2013-11-23 04:30:00,-30.0151,151.6511,BEN LOMOND,NSW,1,
1257,2013-12-26 05:00:00,-36.0984,149.1679,CHAKOLA,NSW,0,
1258,2012-01-05 00:00:00,-33.1367,116.8414,MOREE,WA,0,
1259,2013-07-07 08:00:00,-36.8100,144.6600,Knowsley,VIC,0,
1260,2013-07-15 07:15:00,-32.3567,149.6679,YARRAWONGA,VIC,0,
1261,2013-07-15 07:15:00,-32.3567,149.6679,YARRAWONGA,VIC,0,
1262,2013-11-23 02:00:00,-38.0833,144.2666,BATESFORD,VIC,0,
1263,2013-10-24 01:00:00,-37.9215,145.1660,MULGRAVE,VIC,0,
1264,2013-12-05 03:25:00,-38.0503,145.1651,BANGHOLME,VIC,0,
1265,2012-06-07 04:00:00,-31.8878,115.8742,DIANELLA,WA,0,
1266,2012-11-03 08:05:00,-33.6614,115.3511,BUSSELTON,WA,0,
1267,2013-01-15 00:00:00,-33.5558,115.5608,CAPEL,WA,0,
1268,2013-09-23 00:00:00,-31.9819,115.8633,SOUTH PERTH,WA,0,
1269,2013-09-23 00:00:00,-31.9819,115.8633,SOUTH PERTH,WA,0,
1270,2011-12-11 00:00:00,-18.1394,125.7750,FOSSIL DOWNS,WA,0,
1271,2014-11-22 06:00:00,-34.1721,142.2486,GOL GOL NORTH CREEK,NSW,0,
1272,2014-11-05 06:35:00,-30.9484,150.2511,GUNNEDAH AERODROME,NSW,0,
1273,2014-12-04 09:05:00,-34.6556,150.2996,BUNDANOON,NSW,0,
1274,2014-07-14 00:00:00,-32.0595853,115.7923713,PERTH METRO (Hilton/O'Connor/Claremont),WA,0,
1275,2014-09-07 00:00:00,-31.9800,115.9936,FORRESTFIELD,WA,0,
1276,2014-11-22 00:00:00,-34.1828,142.2154,GOL GOL BEND,VIC,0,
1277,2015-02-23 04:00:00,-36.3846,145.4045,SHEPPARTON,VIC,0,
1278,2015-02-28 08:00:00,-37.3415,144.1440,DAYLESFORD,VIC,0,
1279,2012-11-09 23:00:00,-42.8900,147.3000,Hobart,TAS,0,
1280,2012-11-09 23:05:00,-42.8100,147.4600,Cambridge,TAS,0,
1281,2015-02-13 06:35:00,-37.4264,143.8863,CRESWICK,VIC,0,
1282,2015-08-24 06:00:00,-32.2484,148.6012,DUBBO,NSW,0,
1283,2015-10-22 00:00:00,-31.5651,149.9845,BUNDELLA,NSW,0,
1285,2015-10-27 00:00:00,-29.6817,148.8012,MERRYWINEBONE,NSW,0,
1286,2015-10-31 06:20:00,-36.1401,144.5581,Echuca,VIC,0,
1287,2015-11-01 03:30:00,-36.0527,145.2059,NATHALIA,VIC,0,
1288,2015-11-05 02:30:00,-37.6023,144.9428,CRAIGIEBURN,VIC,0,
1289,2015-08-29 05:00:00,-33.3403,115.6419,BUNBURY,WA,0,
1290,2015-09-10 03:00:00,-34.2967,117.5542,CRANBROOK,WA,0,
1291,2015-12-03 19:30:00,-30.7492,121.4656,KALGOORLIE,WA,0,
1292,2015-05-01 00:00:00,-20.7306,116.8447,KARRATHA,WA,0,
1293,2015-12-04 07:30:00,-30.7492,121.4656,KALGOORLIE,WA,0,
1294,2013-04-23 06:00:00,-23.5415,147.9697,Emerald,QLD,0,
1295,2013-04-23 07:00:00,-24.1800,149.8100,Baralaba,QLD,0,
1296,2013-11-15 21:15:00,-27.3400,153.3600,Moreton Island,QLD,0,
1297,2015-07-11 05:15:00,-35.8318,146.8013,BURRUMBUTTOCK,NSW,0,
1298,2015-12-15 23:30:00,-34.0151,151.2012,Kurnell,NSW,2,
1299,2016-01-22 05:00:00,-32.4817,150.9011,JERRYS PLAINS,NSW,0,
1300,2016-01-30 12:30:00,-35.4294,149.5011,FORBES CREEK,NSW,2,
1301,2016-01-30 07:20:00,-29.4187,153.2849,PALMERS ISLAND,NSW,1,
1302,2016-08-22 01:55:00,-37.7043,144.5713,MELTON,VIC,0,
1303,2016-08-22 02:05:00,-37.7841,144.7150,TRUGANINA,VIC,0,
1304,2016-08-22 03:10:00,-36.5460,145.9833,BENALLA,VIC,0,
1305,2016-10-21 04:35:00,-33.9126,151.1180,CANTERBURY,NSW,0,
1306,2016-10-21 09:00:00,-33.1373,148.1747,PARKES,NSW,0,
1307,2014-12-17 09:00:00,-25.0000,152.0800,Bungadoo,QLD,0,
1308,2014-12-06 05:00:00,-18.4400,145.9300,Abergowrie,QLD,2,
1311,2013-01-26 02:50:00,-24.8100,152.4600,Bargara,QLD,2,
1312,2016-06-19 07:45:00,-26.6900,153.1100,Mooloolaba,QLD,2,
1313,2016-11-11 05:17:00,-31.9652,141.4513,BROKEN HILL,NSW,2,
1314,2017-04-08 16:30:00,-38.0800,145.4801,PAKENHAM,VIC,0,
1316,2017-10-26 05:34:00,-32.2123,152.3193,Coolongalook,NSW,0,
1317,2017-11-05 07:30:00,-29.1500,153.2833,New Italy,NSW,0,
1318,2017-11-16 07:30:00,-34.6810,146.2710,Euroley,NSW,0,
1319,2017-11-16 08:15:00,-31.8151,149.1179,MENDOORAN,NSW,0,
1320,2019-03-05 05:20:00,-36.0100,146.0200,Yarrawonga,NSW,0,
1322,2018-12-19 08:30:00,-31.5500,150.6800,Tamworth,NSW,0,
1323,2019-12-15 09:00:00,-34.0651,151.0846,GRAYS POINT,NSW,0,
1324,2019-12-21 08:30:00,-31.1095,150.9147,SOUTH TAMWORTH,NSW,0,
1325,2018-12-21 08:30:00,-31.1095,150.9147,SOUTH TAMWORTH,NSW,0,
1326,2017-10-02 08:00:00,-25.4000,152.9000,River Heads,QLD,1,
1327,2017-10-02 04:00:00,-24.9000,152.3500,Avenell Heights,QLD,2,
1328,1990-03-19 00:00:00,-13.9410,143.1920,Coen,QLD,0,
1329,1990-12-27 00:00:00,-21.0840,149.2100,Mackay,QLD,1,
1330,2003-10-26 00:00:00,-27.3980,152.7830,Mount Nebo,QLD,0,
1331,2011-01-30 13:00:00,-21.3800,149.3100,Campwin Beach,QLD,1,
1332,2012-03-18 17:30:00,-18.6300,146.2600,Braemeadows,QLD,0,
1333,2012-03-19 17:00:00,-19.2400,146.7700,Townsville,QLD,2,
1334,2013-01-23 13:30:00,-19.6900,147.4700,Inkerman,QLD,0,
1335,2013-01-23 18:15:00,-21.2900,149.3000,Hay Point,QLD,0,
1336,2013-01-26 05:00:00,-24.7800,152.4200,Burnett Heads,QLD,2,
1337,2013-01-26 06:00:00,-24.7700,152.4200,Burnett Heads,QLD,2,
1338,2013-01-26 05:00:00,-24.9800,152.4500,Coonaar,QLD,0,
1339,2013-01-26 06:10:00,-25.0000,152.0800,Bungadoo,QLD,0,
1340,2013-01-26 13:50:00,-25.2300,152.5900,Burrum Heads,QLD,1,
1341,2013-01-26 17:40:00,-25.1800,152.6100,Burrum Heads,QLD,3,
1342,2013-01-26 18:30:00,-25.2700,152.7600,Dundowran Beach,QLD,1,
1343,2013-06-12 09:30:00,-28.0900,151.7800,Pratten,QLD,2,
1344,2013-11-18 17:00:00,-25.2800,152.9000,Urangan,QLD,1,
1345,2015-10-14 06:00:00,-27.4700,151.9400,Highfields,QLD,0,
1346,2015-02-20 22:30:00,-26.6800,153.1100,Mooloolaba,QLD,0,
1347,2016-08-24 07:30:00,-26.6500,153.0000,Drillham,QLD,0,
1348,2016-11-12 07:30:00,-25.5600,152.3200,North Aramara,QLD,0,
1349,2017-01-15 01:45:00,-26.8000,153.0500,Bells Creek,QLD,0,
1350,2017-03-17 04:00:00,-27.4000,153.1000,Brisbane,QLD,0,
1351,2017-03-30 00:30:00,-24.3300,151.5600,Miriam Vale,QLD,2,
1352,2017-10-14 00:00:00,-27.9000,153.0000,Cedar Vale,QLD,0,
1353,2017-12-31 01:00:00,-28.0500,152.0000,Allora,QLD,0,
1354,2014-12-06 02:00:00,-25.2900,152.8600,Torquay,QLD,0,
1355,2012-02-14 21:30:00,-21.1400,149.2000,Mackay,QLD,0,
1356,2011-12-14 09:00:00,-16.4500,145.3700,Mossman,QLD,0,
